26100.74121	25352.05371	24911.39697	24607.65381	24442.69336	24528.74854	24934.91944	25356.55957	27002.86377	29134.19238	29843.08057	29906.34717	29579.04932	29471.3877	29433.49561	29501.38525	30188.41748	30980.98535	31543.21045	30992.20898	30564.79102	29532.76758	27858.66602	27135.80957
26022.58887	25226.50293	24861.45313	24624.59815	24415.51758	24587.3584	25239.2002	25796.90088	27375.27442	29541.98877	29805.04346	29473.10254	28682.5791	28376.25684	28532.52979	28952.03711	29851.00196	30725.93653	31496.88721	31199.167	30880.03809	29971.41113	28207.41016	27224.24512
26147.52002	25384.65088	25035.55957	24674.71582	24637.81055	24811.27002	25513.3418	26723.95215	29159.71973	31375.89649	31712.35205	31415.42334	30437.92188	30066.87744	30031.03418	30458.5127	31325.06641	32122.54053	32457.20117	31846.12696	31389.44434	30409.63965	28655.95068	27761.4253
26579.38916	25816.56592	25289.61279	25031.19776	24944.84375	25048.86914	25863.58789	26879.38281	29032.78662	31465.08594	31858.4292	31751.90821	30796.7085	30405.29102	30528.59912	30900.20459	31603.45362	32200.0459	32388.53613	31762.53467	31252.50391	30396.93262	28634.02588	27536.5083
26374.43995	25462.67481	24922.33301	24722.27637	24516.1499	24755.6753	25556.85498	26723.40088	29153.25537	31208.92139	31335.13037	31201.21777	30152.42188	29441.55811	29384.50196	29581.48731	30419.82715	31164.71338	31611.0874	31144.7959	30860.21924	29911.16846	28196.5249	27214.50781
26025.44971	25174.68604	24751.21436	24442.14063	24308.59082	24445.38281	25241.18701	26228.41846	28650.79102	30551.48633	30266.84375	29939.3916	28792.71582	28212.43311	28162.7793	28259.3833	29169.89648	30021.1377	30737.8711	30603.11817	30451.98779	29677.74951	28081.24658	27294.54151
26147.36036	25335.4126	24811.88574	24629.97461	24446.32862	24612.56006	25172.27637	26138.92627	27900.45313	29449.12549	29291.1875	28872.27588	27953.69336	27621.48487	27407.41357	27664.18799	28522.2251	29705.20947	30712.78125	30322.62891	30066.79541	29288.60938	27714.87354	26983.64112
25895.81348	25159.48194	24681.17774	24420.98682	24359.05371	24527.4248	25065.58057	25651.89551	27135.20606	28770.16407	28618.95508	28242.4043	27376.84131	27033.65235	26927.70459	27227.77881	28086.47803	29281.71533	30233.55957	30131.91406	29981.02246	29351.85059	27670.83643	26735.12744
25648.14502	24785.35742	24346.14014	24138.55225	24120.63916	24244.74024	25051.4043	26176.64893	28397.04639	30322.14551	30256.28662	29838.25684	28785.4126	28142.375	28152.13672	28497.00586	29285.15918	30261.43701	30764.09473	30570.92481	30188.16944	29266.44531	27583.37451	26888.56982
25652.3628	24867.14502	24251.19873	23991.64404	23843.89014	23985.26367	24751.51612	25700.18115	27869.83399	29778.76367	29866.95899	29512.0459	28695.4165	28396.69971	28446.9961	28763.29785	29536.0083	30338.93457	30812.25098	30250.68262	29918.01416	29184.69922	27579.97754	27000.13867
25704.53613	24931.2749	24413.55713	24099.35498	23830.44824	24045.59033	24846.12647	26095.25195	28136.74609	30038.49414	30148.08008	29946.09229	29323.46289	28889.30078	29015.68457	29185.85693	29881.92725	30511.18652	30888.08448	30427.38428	30071.51123	29177.83838	27576.75879	26713.36865
25513.15723	24719.46045	24263.89307	23954.6875	23866.76758	23980.26807	24797.31543	25824.14942	27975.3169	29833.83545	29858.09229	29690.31787	28859.53809	28313.16797	28380.8457	28718.12891	29262.64698	30008.40234	30427.04444	30233.17774	29913.90283	29154.37891	27577.40283	26709.98291
25418.61768	24439.02686	23874.02442	23602.16846	23392.24512	23649.375	24439.9082	25474.18653	27648.0166	30048.5498	30823.8794	31337.60449	30995.80176	30948.35352	31056.00684	31318.30469	31600.48779	31902.66846	31759.04981	31117.66406	30579.43506	29854.53027	28233.89112	27330.65332
26059.03418	25256.00733	24687.76807	24408.61768	24243.68115	24275.33594	24842.20654	25772.94629	27646.13867	30008.25293	30943.24024	31140.50049	30798.67334	30695.59619	30683.3916	30851.15772	31349.82569	31843.94531	32109.31934	31649.07227	31322.4165	30696.24219	28940.27881	27914.08594
26597.07275	25536.60303	24985.25684	24626.69336	24505.77979	24651.78809	24913.73194	25655.98584	27459.56348	29905.08447	30640.35205	30622.14063	30263.87109	29841.7207	29497.2002	29506.34131	29999.37793	30766.44873	31506.94824	31367.74121	31331.13428	30742.97705	29006.46143	27818.64746
26478.79053	25507.26758	24917.89893	24522.08643	24283.82129	24512.75586	25180.91455	26360.46533	28761.09034	31404.10156	31746.87647	31583.37598	31029.10449	30406.90967	30682.57959	30982.90772	31518.38184	31811.17676	32112.86914	31758.73194	31497.93604	30732.7168	29192.00049	27975.12158
26441.88477	25448.30518	24744.17285	24478.94678	24296.88037	24415.58545	25012.82471	26133.21924	28426.417	30577.3208	30779.05762	30344.0874	29474.3042	28962.72315	28987.50977	29454.91992	29829.37793	30459.4165	31179.65137	31124.09131	30950.57617	30468.37647	28949.85938	27823.65576
26285.76905	25267.7124	24518.64942	24305.72559	24112.76758	24237.92481	24787.58057	25868.24463	28038.37598	29949.63086	29854.61523	29326.4165	28575.84766	27999	27823.68115	28057.84961	28571.02344	29421.68213	30321.88574	30393.47412	30353.92774	29862.55909	28327.3833	27032.03369
25522.97949	24412.03223	23758.05176	23466.7749	23169.32031	23386.26221	23928.74024	24947.58154	27072.14014	28748.66065	28401.07715	27881.28516	27127.53564	26545.27539	26287.78711	26401.77246	26941.88916	27787.48242	29121.15967	29395.45361	29429.34619	29179.49023	27849.78369	26602.10645
25051.96729	23947.02002	23394.49756	23052.69776	22824.04346	22731.16455	23272.83398	24200.93897	26040.62549	28081.63281	28293.57618	27824.26709	27238.70264	26704.69531	26360.23633	26192.125	26684.24561	27651.47461	28849.75	29202.32959	29368.25733	29189.6753	27822.35938	26304.23828
24731.88135	23493.35693	22843.62647	22440.82031	22236.62891	22275.47412	22725.99219	23546.89355	25471.42334	27010.35742	26897.87793	26578.31299	26449.96289	26235.71192	26250.63965	26411.33154	26526.09864	26912.11182	27745.99268	27837.3086	27897.12696	27907.76953	27762.17529	27575.54004
26170.93115	24151.22168	22916.64404	22382.71973	22114.40821	22042.54346	22523.3457	23362.93848	24617.05957	25299.81445	24488.08985	23961.5044	23397.43066	22741.3252	22538.86816	22628.83545	23208.875	24159.05078	25448.5835	26120.27637	26175.62012	26116.84961	25145.82715	24479.42236
23343.25781	22424.91846	21842.58643	21530.73047	21478.37695	21527.17285	21705.79004	22476.8252	24090.13281	25731.58692	25124.64551	24461.02442	23938.68213	23524.44531	23495.20996	23641.52344	24063.68604	24947.78223	26268.00879	26761.94287	26969.78271	26780.63233	25751.06397	25038.23145
23936.22705	23124.57227	22567.17969	22215.37549	22198.68067	22291.9126	22505.31543	23103.40283	24770.64405	26176.78223	25766.81397	25096.93897	24667.3042	24232.54639	24048.89844	24299.10938	25101.39697	26365.89063	27666.05664	28175.65771	28210.53418	28006.0957	26828.41504	25993.5752
24676.41455	23767.33545	23079.71485	22895.15869	22703.80176	22748.87109	23039.31348	23587.53369	25341.24707	27301.146	27265.07666	26806.34814	26219.01319	25731.97998	25526.0791	25491.83985	26072.46436	27002.54639	28053.7334	28417.79395	28465.58496	28024.74268	26864.24512	25933.91211
24888.13086	23897.99512	23295.8374	22810.61084	22683.18408	22702.30176	23112.34766	23752.93457	25272.72803	27030.01953	27223.76318	26754.01123	26081.79688	25402.97461	25129.01123	25361.48633	25682.37744	26434.44824	27610.01758	28142.3877	28272.25489	27919.76465	26966.44287	25987.02491
24567.49219	23636.37354	23069.13477	22726.88184	22598.92188	22675.30664	23227.41358	23944.34961	25748.26319	27117.61621	26785.39893	26294.30615	25783.85547	25289.64893	25052.31592	25259.60205	25834.64844	27104.19043	28427.07764	28998.16992	29025.33203	28687.12891	27317.32569	26487.84863
25174.76807	24265.15967	23599.28174	23363.43165	23155.45069	23177.625	23608.16651	24781.95362	27097.15625	29154.7793	28993.32813	28541.9834	27708.5459	26984.48438	26879.48047	27093.81446	27778.73291	28706.45899	29638.49561	29867.91114	29825.83594	29215.50244	27722.86279	26607.33545
25260.99365	24310.18409	23791.1836	23508.64746	23285.93603	23477.7666	23999.60107	25208.70899	27689.20313	29509.79053	29134.76074	28615.87891	27750.67481	27044.48047	26712.13379	26968.73047	27707.48438	28750.18604	29837.48145	30123.37256	30091.18018	29407.66113	27925.64648	26937.85694
25633.39893	24878.99805	24334.64356	23980.05713	23788.17676	23886.66064	24418.99365	25667.97705	28091.31397	30025.83789	29851.41699	29254.37305	28197.82862	27399.68506	27164.87793	27374.94483	27951.05078	28788.38428	29727.01905	30105.01563	29900.6958	29116.37451	27619.91943	26653.74365
25163.81934	24428.62549	23893.73731	23564.81201	23280.75879	23405.44678	24049.1377	25392.93359	27837.92139	29664.60986	29587.66553	28968.45752	27945.04297	27138.87061	26928.9209	27076.91455	27847.62158	28472.79395	29196.57276	29446.04004	29356.17432	28934.77979	27516.6875	26427.58545
25152.1626	24269.86524	23825.70313	23603.84326	23340.5083	23521.0332	24237.37061	25341.49024	27732.71631	29692.61182	29816.88574	29747.69287	28786.77881	28363.88477	28664.07373	29246.60645	30080.22412	30698.6836	30724.60449	30504.80127	30123.17041	29372.51856	27793.78565	26989.24512
25755.09131	24980.37451	24643.44092	24300.65137	24201.53369	24271.62842	24878.21191	26057.71924	28291.39551	30504.19287	30946.6836	30893.19726	29769.1167	29140.80371	28929.46191	29146.10303	29729.94873	30568.15186	30965.30713	31080.95508	30767.09863	30031.3833	28339.18311	27306.37695
26184.6875	25214.78027	24859.94629	24460.79346	24308.73291	24345.73487	24948.72315	26112.51904	28532.32129	30375.17774	30270.73535	29823.07813	28709.50635	28048.79785	27900.24707	27970.21533	28723.80029	29627.04737	30321.39112	30727.11524	30487.08155	29833.21436	28310.41113	27427.47803
26255.89502	25413.78614	24899.0542	24477.47217	24201.25732	24382.78614	24750.70703	25640.99658	27539.59717	29226.99854	28953.16065	28691.14649	27721.55518	27476.56446	27350.71875	27549.39795	28298.1753	29229.23291	30089.6626	30290.73145	30127.88086	29468.01807	28012.70069	27269.6543
26000.16162	25161.6377	24615.77881	24187.84326	24026.44336	24045.76709	24538.80811	25190.625	26846.8833	28247.71875	28303.02734	28137.97217	27438.07471	27127.13379	26931.71192	27004.23535	27491.72364	28156.6709	29076.0376	29559.78321	29441.88233	29258.67871	27742.62403	27109.26026
25938.60693	25071.95557	24581.2168	24168.98877	24156.93213	24475.52539	25452.95605	26878.00049	28957.93457	30493.27149	30577.51758	30240.99902	29265.66406	28646.47852	28677.7251	28963.77832	29584.44727	30269.52198	30671.41211	31011.18409	30842.45654	29893.06152	28094.34717	27329.81201
26155.09717	25484.62842	24901.74414	24681.35596	24487.0127	24645.42627	25935.96191	27248.76904	29016.68506	30388.94971	30492.70264	30478.13965	29352.50781	28786.35547	28845.49219	29243.70215	29955.22022	30502.61231	30870.95362	30763.89941	30426.86035	29524.72803	27837.79199	26914.0625
25882.04346	25297.49463	24783.93946	24476.07373	24215.04248	24510.80322	25694.55225	27164.79541	28943.90576	30902.19678	31359.81299	31571.2793	30926.17529	30588.47608	30780.18164	31078.49903	31756.94385	32074.48389	31864.2002	31579.11377	30950.08252	29863.30762	28087.4834	27268.78076
26260.50049	25543.98145	25151.00098	24920.40967	24872.82324	25085.43213	26179.87012	27792.64405	29313.92969	31029.53272	31600.81738	31379.69239	30391.26416	29591.82178	29470.02246	29557.4082	30165.69678	30765.14844	31142.8667	31474.87012	31091.22315	30158.99463	28256.06982	27519.5503
26410.34278	25833.62305	25325.09619	25004.08887	24964.32959	25198.60303	26192.68701	27704.44873	29581.52051	31521.80469	31968.08692	32077.7627	31036.15772	30882.46387	31058.01221	31329.5874	31722.68115	32098.94043	31912.47656	31964.78076	31484.62549	30509.26611	28804.55274	27921.83496
26814.17139	25947.82373	25621.3335	25214.84473	24970.49561	25051.97657	25832.25244	26519.78711	28329.28711	30671.05811	31342.12842	31581.16895	30854.47754	30666.39453	30684.45606	30970.28174	31543.9795	31988.35449	31993.61914	31607.27735	31153.9751	30410.9165	28921.50879	28158.67139
27015.08106	26322.0708	25779.07031	25387.47266	25199.45117	25221.65772	25748.08154	26425.17139	27802.4165	29963.23682	30661.8335	31123.31055	30878.54981	30683.22901	30653.21484	30933.17383	31476.74122	31895.02197	32008.8291	31773.43164	31470.06006	30277.3628	28506.51318	27738.26563
26608.2666	25892.07422	25516.24512	25105.73487	25076.09033	25389.3501	26669.95752	28229.64307	29844.69385	31884.91406	32566.50245	32659.54981	32023.96778	31702.17139	31971.34864	32214.12207	32561.68506	32803.76221	32649.16357	32544.86475	31885.74414	30970.80078	28997.56836	28211.23242
27276.5708	26485.88086	25989.91309	25792.5459	25661.73145	25866.31641	27068.09424	28517.24024	30112.10986	31640.90332	31534.1416	31174.64453	30038.76563	29543.62158	29542.896	29850.03125	30539.37647	31146.57373	31475.21777	31868.17139	31538.59278	30896.60205	29120.7124	28386.00488
27283.91699	26523.80567	25895.59082	25556.24024	25627.93848	25829.86426	27063.09229	28662.76612	30285.22364	32085.0249	32385.56592	32239.0625	30874.0835	30292.10987	30356.51221	30816.01319	31582.35596	31994.35449	32208.38819	32469.08838	31943.93604	31004.24854	28947.95361	28288.91651
27286.85401	26510.87598	25952.21094	25634.25342	25421.05957	25744.27491	26945.21533	28365.96289	30000.46094	31536.01856	31677.51514	31446.59326	30318.59766	29651.44678	29614.69629	29950.82861	30386.0542	30882.34229	31314.86524	31763.89063	31356.44092	30467.04786	28621.13184	27844.55322
26815.31006	26131.21728	25805.16602	25448.94433	25299.03027	25469.54492	26846.94531	28310.45752	29896.17725	31380.50928	31519.74854	31444.70606	30404.15869	29869.9126	29985.11768	30206.57178	30772.2461	31256.03418	31261.76563	31674.83203	31369.67481	30518.46729	28837.57471	28063.72022
26886.72413	25961.83789	25449.53271	25091.16016	24809.46436	24959.07422	25716.63281	26517.17822	28198.74561	29696.28467	29829.72998	29380.77637	28454.46875	28061.79102	27974.77832	27957.86719	28529.43652	29162.09522	29913.71143	30658.87549	30524.38819	29985.02588	28379.86475	27707.21973
26574.02783	25920.91797	25386.39649	24943.62549	24772.93653	24910.26026	25542.32715	26504.94629	27825.84912	28824.64746	28705.31934	28441.45068	27445.87647	27255.59082	27329.44775	27760.97901	28425.49024	29445.33399	30237.34473	31047.16846	31052.47071	30166.58594	28214.80322	27429.87988
26530.13184	25912.32715	25468.11426	25147.12549	24890.29737	25179.52539	26651.16114	28261.39307	29742.78223	30896.14649	30949.40088	31148.32471	30544.08106	30147.78613	30495.29981	30848.64502	31698.75098	32120.2583	31882.021	31970.61817	31583.3335	30466.75098	28540.82569	27823.10791
26836.42041	25953.52051	25483.94873	25171.9209	25011.76416	25205.26514	26584.8584	28091.10938	29666.02783	31231.30029	31780.44434	31994.64014	31330.97168	30855.12305	30868.81543	31203.10743	31866.75684	32294.94336	32160.11328	32315.25586	31719.46826	30721.2334	28815.77881	28127.62988
27170.39453	26325.83008	25928.2168	25628.6709	25446.01367	25718.77295	27244.89795	28654.5752	30236.71045	31689.17236	31880.39551	31770.17871	30706.6377	30201.64649	30200.88574	30557.31201	31206.40283	31523.15821	31481.77442	31815.68311	31456.57959	30609.74317	28815.20166	28121.97559
27093.36816	26330.87793	25921.75391	25655.1792	25547.53906	25741.09619	27217.19922	28568.48487	29946.06885	31212.72315	31327.22315	31090.61768	29950.53467	29268.63086	29345.61865	29455.26026	29992.03516	30459.15479	30691.4502	31437.81787	31094.3584	30314.771	28583.99658	27848.84033
26866.50684	26214.09522	25722.21045	25420.94189	25071.46387	25447.20996	26582.16162	28282.8833	29695.50293	30568.44288	30014.92627	29520.28174	28341.92578	27633.76367	27524.27393	27715.13135	28264.28565	29031.94532	29538.62598	30448.86572	30306.11621	29748.16211	28186.05518	27517.72998
26512.37598	25843.54541	25402.42822	25072.78369	24761.07422	25056.90576	25715.55176	26712.49023	28088.90234	29168.71533	29005.54834	28774.23096	27956.4336	27547.00586	27558.75977	27674.70752	28437.48828	29281.43018	29706.19483	30480.15137	30080.66016	29330.29346	27836.07666	27175.81201
26162.70655	25348.41065	24923.75537	24668.57861	24467.68359	24628.48389	25233.82861	26091.89209	27465.43945	28607.00928	28578.77344	28413.32422	27699.25733	27418.43604	27327.05713	27445.20801	28093.74609	28916.36621	29391.91797	30262.09033	30240.5498	29439.02539	27359.57813	26716.94336
25635.47559	24840.0918	24567.98047	24111.19336	23982.68457	24427.47412	25945.54199	27546.59326	28901.07129	29955.82813	29878.07618	29842.57861	28779.66504	28201.80518	28314.89453	28531.81934	29345.0249	29992.89551	29971.00195	30525.54199	30101.06934	29194.9585	27381.0918	26793.8374
25663.85303	25049.38867	24663.41846	24247.10596	24089.75391	24485.81006	25834.53565	27210.9751	28343.44824	29358.49268	29140.31885	28766.2085	27654.90283	27133.47071	27236.51562	27449.97559	28081.44532	28634.23535	28945.28125	29507.19287	29058.6377	28437.97119	26755.21387	26328.60743
25379.31397	24882.0459	24492.05371	24222.60449	24171.5083	24513.44287	25882.96387	27271.90918	28054.19727	28865.42139	28659.79199	28490.40283	27347.27588	26755.64258	26939.40967	27132.27783	27907.53418	28811.45703	29164.11719	29816.00635	29576.33106	29006.74414	27442.35205	26916.71143
25980.46485	25401.59668	24888.29981	24622.5127	24416.69971	24777.63086	26141.13867	27724.25879	28410.33447	29157.17676	28785.56006	28608.6167	27671.55859	27251.7207	27500.56299	27834.02441	28746.34668	29431.61426	29542.76269	29972.2583	29667.77979	28954.44824	27158.93409	26823.98828
25881.14014	25411.21484	25106.49121	24768.04053	24486.82227	24780.79834	26120.12012	27597.48242	28228.98682	28621.80615	28242.05273	27746.42139	26690.61475	26125.5791	26221.62842	26420.1753	27165.26611	27874.73438	28324.59717	29288.75879	29274.11328	28841.58985	27533.81445	27129.6294
26098.5332	25334.25342	25005.78711	24705.1748	24393.89258	24746.65723	25481.55908	26325.12598	27302.6665	27690.28663	27313.98194	26981.27295	26090.80664	25823.26172	25846.6001	25924.59912	26614.12988	27593.9126	28062.03906	28934.55176	28893.33399	28413.52441	27051.97901	26627.72364
25554.28955	24855.28516	24533.64258	24215.97852	23991.56836	24167.85986	24872.09326	25780.00488	26641.56494	26998.07715	26744.07471	26467.90039	25581.85059	25389.28174	25403.46338	25564.98438	26280.05127	27077.64844	27627.85303	28631.19531	28606.49854	27917.43994	26159.40625	25635.64844
24949.66113	24479.02686	23944.38574	23702.28955	23649.34473	24003.42871	25443.64258	26647.47363	27286.54102	27537.48389	27115.70703	27008.56055	25970.82129	25497.23877	25685.3125	25986.12793	26717.26319	27438.10644	27820.66113	28667.39942	28306.24756	27607.3999	26148.43799	25984.35986
25128.00195	24597.48291	24123.14453	23884.54639	23863.23828	24156.55908	25504.76221	26702.37012	26951.43555	27079.2793	26659.91651	26545.80176	25720.29102	25349.11182	25797.79004	26196.12744	26834.73536	27594.22754	27484.25391	28221.42969	27884.67774	27183.16455	25698.55518	25556.10986
24879.40088	24353.15186	23948.22803	23783.55322	23671.99853	24032.47998	25330.90039	26455.97461	26546.5083	26609.96631	26235.59229	26177.50537	25195.1333	25052.29151	25282.63281	25606.16504	26289.54932	27085.48779	27000.46387	27678.80469	27459.96973	26893.37549	25596.22998	25331.98487
24353.6167	23984.06982	23645.76318	23441.46045	23158.07569	23533.90479	24803.09815	26058.1499	26142.8086	26334.58301	26167.02051	26134.22168	25183.52832	24794.36621	25073.74072	25575.71338	26263.88233	27054.86084	27152.2915	27646.52832	27462.87256	26855.5669	25305.0669	25289.71631
24641.21582	24128.60401	23698.73584	23469.00928	23267.63135	23658.46338	24993.34326	25871.74658	26049.85938	26272.9917	26085.88623	26167.37939	25277.48291	25046.72168	25423.71289	25730.85889	26419.5957	27184.95801	27187.53662	27890.77637	27548.29883	26806.10645	25624.6084	25315.11719
24444.69385	23804.90186	23364.99903	23029.92285	22823.90283	23068.27539	23754	24822.51172	25676.60205	26363.18213	26286.4336	26351.51465	25770.75	25650.36377	25874.3169	26244.63037	26992.18213	27664.42627	27669.16455	28101.75635	27639.9961	26813.21924	25355.73145	25058.44336
24380.45215	23901.02148	23604.22754	23490.12354	23427.38721	23655.90137	24478.9375	25245.77881	25693.79199	26127.5625	25877.61377	25705.04199	25167.19922	24966.45606	25079.44971	25282.34424	26037.64063	26833.70459	27218.30371	28286.73535	28427.79297	27595.48096	25927.39258	25484.26953
24559.18164	24171.57813	23814.80762	23549.28027	23421.79004	23776.61084	25198.64892	26514.37402	26949.82178	27264.43848	27155.521	26976.26562	26019.33155	25485.49561	25663.39063	25845.50391	26496.01856	27170.33496	27522.33692	28382.20264	28169.52002	27426.72998	25673.20996	25415.64063
24759.19776	24132.70069	23860.30176	23528.16699	23453.70557	23849.7085	25271.29688	26175.69825	26425.47364	26516.91943	26430.81445	26294.67676	25557.93262	25122.94776	25352.4707	25680.51465	26474.50635	27112.21631	27144.88184	27966.7168	27759.30322	27055.56397	25626.9375	25489.96338
24704.11572	24121.95215	23726.96875	23449.14063	23376.9082	23563.86426	25052.82373	26215.13526	26464.79395	26686.75342	26582.37256	26340.45166	25661.81153	25222.43945	25642.12012	26202.67188	27078.61377	27906.88916	27876.6294	28275.20703	27882.36084	27043.77832	25393.00537	25338.72412
24718.81592	24227.94141	23899.53565	23760.33643	23663.3291	23942.33203	25032.1294	26049.56495	27030.30176	28180.04541	28509.99659	28764.84033	28334.95606	28068.51807	28481.95996	28735.57324	29458.61377	29916.86426	29665.41699	29753.8833	29251.1543	28174.88819	26496.23486	26198.4961
25525.92773	24963.61816	24414.6167	24238.86572	24179.51514	24436.38721	25769.93945	27042.65186	27842.48975	28753.18946	28792.30616	28689.47998	27632.05859	27123.19141	27294.31055	27487.68408	28132.35938	28875.64551	28743.74561	29273.00098	28945.2124	28228.61572	26839.47119	26444.00684
25485.64063	24880.34131	24441.43994	24064.29736	23995.84473	24122.83008	24932.04102	25750.15283	26675.02344	27550.46924	27555.07031	27554.39404	26728.71973	26692.34424	26724.40283	27064.32178	27634.34473	28130.25928	28168.67969	28785.55176	28586.82275	27913.59277	26367.96094	25850.15723
25018.1333	24400.58692	23976.93262	23557.2998	23472.59424	23575.70362	24337.29297	25176.92481	25756.43115	26522.1919	26404.50049	26261.44483	25414.33155	25172.90039	25083.37402	25166.09326	25897.14356	26689.26221	27165.71582	28100.69238	28264.38916	27454.54053	25606.41016	25076.78174
24119.56592	23520.02295	23066.53955	22835.17578	22770.76563	23184.82324	24733.09131	25912.63281	26547.875	27398.02588	27195.6084	27012.77149	25885.53125	25300.53076	25395.51318	25589.75635	26117.57031	26757.51563	26958.43067	27823.87598	27704.57959	27017.54883	25444.74805	25118.16455
24267.0293	23777.53369	23385.53955	23119.67529	22898.12305	23095.25733	24609.93555	25830.80469	25973.16602	26359.44922	26209.00488	25951.71777	25111.63965	24813.02881	25081.72754	25460.02295	26117.896	26872.9585	27086.24414	27699.2378	27539.09424	26697.26319	25233.79248	25126.50684
24320.68994	23706.64014	23439.59863	23165.66406	22903.24414	23313.95703	24658.16699	25728.14258	26211.2832	27124.11231	27194.00196	27181.57471	26401.7041	25955.01758	26213.59277	26357.97266	27162.52783	27599.65381	27678.45752	28280.43701	27863.91748	27011.64356	25542.91553	25220.76856
24444.15039	23940.69043	23559.86377	23273.19287	23100.76758	23369.17627	24562.86133	25786.375	26693.77393	27626.72315	27863.83838	28105.61621	27554.32715	27373.39697	27681.38574	27807.36279	28531.16651	28948.40869	28696.50684	28982.96729	28439.67676	27525.93896	25847.56348	25588.78174
24750.57227	24130.69776	23680.51074	23434.88135	23197.63184	23698.02539	24933.36963	26127.68115	26884.42285	27738.30615	28010.68164	27935.03663	26923.38818	26689.521	27078.97119	27546.60889	28306.29346	28814.5166	28598.88818	29037.76905	28717.47754	27973.35107	26451.10596	26032.88867
25076.9834	24404.65528	23983.51075	23606.71387	23485.72656	23632.43897	24377.63818	25224.43506	25851.22901	26456.5044	26196.36621	26140.11524	25163.12451	24975.63233	25016.09864	25279.3667	25793.08399	26563.03565	26751.29346	27798.58106	27912.7666	27409.82227	26034.79151	25747.89307
24602.17578	23992.91357	23702.27832	23278.0669	23220.89405	23286.82422	24062.97949	24806.08838	25236.46582	25879.5625	26223.90479	26040.56104	25204.84131	24853.52197	24936.73584	25059.00049	25519.36865	26288.31885	26397.34375	27418.88575	28105.62451	27362.22315	25614.28125	25128.29883
24170.58496	23560.33448	23317.77539	23036.51367	22763.62891	23053.47412	24497.55957	25672.13037	25547.40527	25615.30811	25468.54639	25374.43701	24687.89893	24349.79736	24565.54932	24876.95948	25514.771	26279.91113	26376.51661	27193.17481	27305.77637	26728.65576	25253.38184	25006.21094
24128.46387	23496.22803	23072.02783	22783.13672	22625.0752	23047.39746	24321.38819	25435.73535	25131.97461	25453.52979	25420.22949	25305.48731	24515.73047	24279.35303	24673.63916	25009.82178	25848.23389	26376.25049	26330.3584	27107.59326	27288.33594	26730.33789	25140.28125	24962.74951
24086.94141	23499.78955	23244.19336	22833.68067	22848.48584	23089.38965	24533.53272	25608.61963	25245.98975	25379.75391	25222.57276	25245.63574	24377.30274	24121.93213	24350.99073	24601.32617	25408.73047	26212.74317	26336.09033	26905.67822	27001.41162	26402.2666	24904.26221	24411.77539
23570.39404	23018.04199	22654.84961	22440.72315	22271.27539	22478.85547	23895.56152	24981.71778	24988.63379	25298.7461	24984.68213	24980.0332	24088.23486	23951.59277	24418.65625	24880.01026	25662.41455	26228.87988	25960.48389	26544.42822	26576.78028	25999.72901	24666.77979	24246.49903
23319.50098	22811.29834	22367.06299	22058.69189	21830.40967	22398.41846	23686.14893	24655.16797	24506.021	24748.65576	24825.25049	24974.65772	24115.41895	23956.53076	24141.63184	24306.77442	24908.41358	25615.95801	25609.14307	26386.57568	26388.77393	25986.3042	24613.22656	24102.63672
23170.17822	22692.50879	22217.84473	21869.14795	21655.50879	21903.92432	22905.25196	23629.72559	23580.52149	24020.44092	23982.66016	24020.28077	23422.57568	23398.26563	23512.56543	23958.29785	24656.26563	25116.44238	25110.66553	25755.91211	25985.10352	25433.57324	24151.35254	23878.98535
22976.77539	22389.88477	21944.08985	21703.36279	21484.95069	21744.68652	22556.13721	23081.146	23692.16748	24544.23584	24894.74805	25175.20703	24980.51123	25120.31738	25484.39844	25866.21241	26646.41016	27063.47363	26807.55469	26814.58838	26509.8208	25589.35254	24063.1211	23946.33545
23220.84619	22579.68701	22265.1919	22043.3916	21769.50781	22053.85205	23229.26123	24473.28272	25215.57764	26435.79053	26893.73193	27289.65576	26804.98828	26534.6211	26759.24952	26974.93604	27468.43115	27923.4082	27588.19385	27589.87744	27280.70313	26497.81104	24842.45361	24692.04297
23775.66162	23250.86035	22974.04492	22713.00244	22550.03711	22860.24512	24175.30225	25141.26123	25568.61475	26336.80371	26514.67871	26556.47461	25587.25	25203.60743	25440.2041	25595.31201	26350.08252	26772.14112	26467.59815	26792.59229	26644.29004	26124.68653	24738.03272	24459.91602
23650.14258	23090.77197	22595.43701	22247.25635	22110.85986	22215.45898	22846.24414	23442.53174	24117.83789	24944.16211	25502.79932	25602.04395	25216.58399	24891.13086	24995.63428	25365.57666	26127.60498	26615.34864	26541.14111	27043.40821	27115.25	26382.42432	24756.33399	24425.3999
23562.13233	22980.21973	22678.07666	22365.80957	22280.19336	22715.03223	24165.4668	25197.10156	24968.03174	25141.93799	25220.47656	25147.33838	24335.18408	24035.72217	24197.37988	24311.58155	25204.91113	25987.89795	25998.27588	26915.2837	27536.05029	27053.03174	25510.43311	25088.95654
24169.42383	23518.84522	23095.40234	22859.38282	22540.34326	22939.38135	24354.06006	25196.79639	25005.19873	25307.73291	25091.56592	25204.4043	24367.96631	23963.11865	24219.25439	24419.66651	25347.33155	25968.32032	26031.5415	26789.34619	27231.30127	26721.19043	25443.25049	25090.22949
24091.01075	23394.1499	22911.1543	22494.09082	22175.56055	22535.58692	23309.80371	24088.00147	24234.65332	24735.68457	24549.76221	24416.18994	23685.28565	23544.70654	23674.03076	23905.25635	24593.09863	25233.61182	25299.48926	26182.22852	26557.03125	26124.1875	25004.84375	24578.20508
23645.99658	23010.98828	22736.86279	22327.84912	22074.27979	22227.65869	23051.03663	23657.2085	23369.05664	23887.49561	23901.69043	23879.52198	23312.95996	23239.65479	23407.72217	23790.24024	24573.3208	25149.85157	25242.79102	25952.7793	26540.34278	26076.62842	24370.99072	24011.84864
23039.03027	22543.09473	22127.28223	21794.89795	21647.93066	22003.46484	23698.11914	24325.88233	23806.5	24194.04053	24341.85303	24456.47559	23556.97412	23369.05469	23792.47266	24303.84131	25003.48584	25686.4834	25508.21436	25998.12695	26411.69141	25724.95947	24267.01123	24130.96827
23166.10498	22479.55615	22265.53711	22103.05225	21964.81348	22213.0127	23748.76709	24503.07959	24332.64307	24576.38379	24495.26075	24587.00684	23961.52783	23747.27246	23966.50586	24330.93066	25046.7417	25587.09717	25495.94238	25932.43945	26149.56104	25591.82666	24135.3252	23827.82861
23156.16943	22456.41895	22068.19336	21823.00635	21684.92041	22117.33741	23508.08643	24304.94971	23951.33008	24447.17432	24536.74268	24583.41748	23795.49414	23503.59277	23841.12207	24344.80957	25064.8628	25809.0542	25641.21631	25889.43018	26100.24512	25526.05762	24067.05957	23908.27393
23059.0542	22511.29883	22220.58496	21885.49268	21677.59229	22076.22901	23407.70362	24083.99365	24174.17627	24982.45459	25354.19287	25515.20996	24964.25293	24509.69287	24778.72315	24945.99512	25546.04541	25849.11133	25422.89356	25644.3833	25932.68506	25230.95606	23813.63623	23655.30518
22949.52637	22538.86524	22170.04053	21835.33545	21766.39014	22090.32324	23536.40283	24320.16455	24424.22949	24961.59961	24829.69922	24847.08838	23894.13281	23641.9165	23989.56494	24284.97559	24759.41455	25458.68018	25325.46631	25743.57031	26203.70215	25638.93262	24396.8335	24133.5293
23274.87451	22663.37109	22329.6333	21962.1836	21693.22608	21905.63428	22703.28662	23088.14991	23251.05616	23738.57617	23754.375	23889.31494	23364.86377	23330.8916	23663.35059	24032.18701	24729.4253	25175.20557	24968.18994	25400.22803	25909.46289	25563.29883	24316.08106	23958.10059
23120.4878	22477.52734	22042.38867	21693.72949	21454.71045	21699.96143	22582.19385	22946.7627	22655.43213	23162.35059	23244.41602	23407.59326	23016.90918	23043.54981	23301.97461	23635.8208	24442.06543	24984.85205	24967.00342	25484.65674	26097.17725	25454.6084	23832.76318	23488.78955
22712.24121	22242.20655	21814.07227	21460.59033	21302.23145	21607.2544	23170.97022	23669.49756	23618.01221	24104.44532	24336.25049	24591.96045	24052.06055	23608.01025	24158.9585	24712.78858	25362.96485	25897.08887	25477.89893	25638.4961	25981.22461	25067.26367	23673.56836	23588.83985
22849.66113	22467.06934	22154.19092	21813.96631	21698.31201	21899.80664	23320.10157	23730.93457	23667.9541	23952.42481	24001.79688	24196.09424	23762.44531	23463.24414	23988.59961	24454.45069	25227.646	25780.83887	25660.10059	25883.03955	26164.65088	25588.87549	24083.75684	23906.47363
22933.93945	22306.15625	21782.03174	21427.67823	21343.21094	21713.79786	23396.27442	23643.67383	23482.50488	23793.43066	23989.85254	24382.92774	23845.80664	23745.64551	24442.72852	24788.6001	25595.00635	26022.09815	25687.51514	25939.91162	26252.0542	25580.021	24030.4961	23797.99268
22862.8628	22212.41455	21807.76172	21647.60401	21490.59131	21927.70557	23206.76123	23567.92822	23456.49317	24091.60986	24202.98975	24548.37793	24065.40674	23795.31348	24410.35498	24855.96826	25805.51221	26043.9834	25500.17579	25777.43897	25927.36719	25088.81494	23791.9082	23667.16602
22957.26612	22329.6333	22113.72461	21866.55811	21653.04639	21857.28321	23031.77979	23674.75196	24194.52002	25224.02539	25672.90576	26027.04834	25379.81543	25149.96533	25460.89698	25767.14405	26365.32227	26784.51367	26277.12891	26270.6958	26040.42041	25186.70361	24009.23438	24059.54004
23300.37256	22778.98682	22434.14014	22003.42334	21879.60791	21881.79199	22425.66504	23052.69727	23742.1001	24988.87842	25451.23975	25746.93018	25239.43067	25340.67188	25462.42774	25709.0791	26233.60791	26662.15772	26221.45703	26237.78418	26402.49854	25619.09082	24097.98535	24014.21973
23237.16699	22753.21045	22424.79053	22170.15283	21979.78076	22128.22315	23485.57324	24467.13086	25160.70752	26121.69873	26658.35205	27004.9834	26498.07666	26142.24951	26415.80713	26663.43311	27365.80762	27604.44434	27105.3833	27130.93311	27003.8916	26159.12158	24535.72998	24276.37647
23513.26416	22811.37012	22458.03125	22280.7251	22068.53467	22336.36182	23816.57227	24744.90772	25336.06397	26547.80616	26996.28809	27508.62793	26957.4668	26464.66016	26601.75049	26771.2876	27437.82276	27820.67139	27304.60498	27493.99805	27746.62647	27007.40576	25258.36524	24876.80029
23892.9502	23116.73145	22644.6128	22275.56885	22131.9502	22409.85108	24159.22803	24410.43457	24051.58057	24416.05762	24265.87451	24291.3457	23560.77637	23179.79834	23519.26025	23687.95801	24425.20654	25173.97461	25183.52979	25710.46338	26595.88282	26148.03955	24668.23389	24186.25049
23142.53711	22508.52832	22081.63721	21731.84229	21525.68946	21896.72706	23512.72168	23869.36719	23294.07471	23580.88086	23586.96777	23758.68115	23038.91797	22798.02588	23129.7168	23585.31006	24387.18555	24941.03516	24699.84375	24967.99609	25821.16504	25417.55713	24229.05811	23737.97803
22861.84278	22206.93994	21808.41211	21486.6084	21523.07031	21826.26611	23288.2876	23599.05957	23175.97803	23475.84766	23714.05664	23961.99219	23286.21338	23183.55078	23698.77979	24233.68164	25232.61475	25768.77442	25625.61963	25859.2749	26252.88037	25501.60107	23930.49805	23696.19385
22891.23145	22362.75342	21825.55566	21600.91358	21294.27637	21593.5166	23080.49658	23605.01563	23538.14502	24125.98145	24465.0332	24375.30176	23508.16553	23307.20606	23593.91065	23886.38086	24519.56104	24859.73145	24851.76758	25438.61084	26140.64356	25543.15576	24314.43506	24083.96289
23188.52149	22479.52344	22073.02051	21596.58203	21492.11328	21713.98047	22685.49073	22894.75928	22534.94678	22887.25147	22942.09229	22889.41748	22370.26905	22442.05909	22620.37354	22795.81299	23408.56885	23955.02246	24006.62793	24482.00684	25391.64209	25120.93457	23903.63819	23596.93164
22604.50635	22044.23682	21548.875	21175.80957	20955.41065	21261.38037	22278.08447	22497.42285	22110.85498	22282.8916	22271.74219	22184.92432	21689.45313	21770.86817	21926.35254	22186.49609	22858.14258	23301.22217	23532.81738	23527.6543	24398.91065	23995.03614	22842.93311	22474.68897
21688.28272	20980.97998	20606.89795	20155.98975	20020.8711	20318.55811	21174.36621	21450.51172	20996.375	21307.99072	21363.42529	21462.75635	21284.72754	21319.61621	21645.45899	22168.85742	22899.62842	23444.39795	23375.646	23656.15772	24281.56446	23736.51709	22436.80762	22230.18652
21416.65576	20819.5542	20529.84814	20174.80469	20033.78125	20247.21436	21181.41797	21570.61914	21275.39063	21664.32764	21726.93897	21903.35743	21599.98096	21682.22705	21970.70264	22542.30664	23039.88135	23620.6333	23531.5459	23670.64063	24423.3374	23996.41943	22704.35205	22458.88575
21668.20996	20978.20459	20456.08887	20158.98145	20095.08057	20324.89941	21222.13574	21649.40527	21956.54151	22736.25098	22997.3916	23284.83301	22924.46338	23170.49073	23564.521	24083.45264	24593.72608	25035.43897	24719.89112	24936.15576	25247.71728	24398.78955	22903.7876	22612.29883
21875.48096	21419.78076	21067.12305	20840.93164	20700.9375	20952.68115	22279.51611	23212.9292	23567.34619	24488.69971	24945.78809	25276.98682	24569.66943	24270.86182	24372.14551	24696.40918	25281.04443	25612.31201	25124.63379	25102.8418	25331.20069	24706.1875	23324.92285	23255.20996
22367.26856	21897.11084	21558.84424	21193.85645	21141.63477	21362.74854	22789.70898	23319.61963	23376.55274	24029.15918	24069.88574	24167.87012	23776.20606	23725.80323	24284.93311	24820.57715	25469.73047	25857.15576	25591.75489	25554.13135	25565.12061	24764.7085	23287.57813	23150.56787
22428.57178	21944.10547	21737.47949	21347.65186	21204.02393	21557.13623	22682.00488	23481.49951	23853.7334	24612.50342	24941.31543	25190.42725	24300.56104	24030.99512	24191.84668	24600.42432	25241.9712	25614.96338	25209.01514	25047.6836	25353.10254	24802.01025	23543.48779	23425.68506
22519.91895	21997.65674	21531.59961	21223.35742	20975.66943	21185.49219	21908.48584	22515.46533	22714.37744	23553.78809	23760.95752	23935.22754	23484.63721	23501.24854	23693.95117	23994.57422	24620.81201	25215.72412	25066.45508	25053.64404	25595.40381	25011.0625	23353.60449	23046.85352
22305.04639	21799.89209	21376.9292	21327.02149	21135.68945	21558.57862	22853.87646	23303.4336	23065.75586	23566.49316	23728.49854	23995.45947	23189.37842	22936.8877	23388.01026	23889.8291	24471.48096	25247.62256	25135.04443	25172.11133	25784.10059	25168.44287	23650.73633	23369.96436
22660.71338	22119.68115	21707.27393	21480.80957	21315.09229	21629.71045	22960.60108	23441.96875	23724.21729	24665.01953	25157.61914	25396.84082	24781.48047	24237.22803	24608.29785	24874.0918	25466.8877	25812.58838	25486.4375	25384.88184	25560.20166	24961.40869	23529.10108	23411.13233
22647.8833	22186.96582	21848.69385	21477.88477	21420.77344	21728.36377	22989.7627	23564.81494	23812.28418	24547.75147	24909.28467	25084.13819	24438.50244	23979.48584	24154.3584	24410.34326	24941.04101	25488.07764	25129.37647	25222.49072	25737.74024	25292.92188	23752.0708	23717.62598
22846.5874	22213.86572	21860.9961	21638.20508	21428.32031	21793.43555	23128.28369	23425.87647	23114.23535	23488.91602	23561.37647	23737.49317	23153.97363	22770.58594	23192.98779	23631.01123	24282.86084	24708.43262	24568.41309	24742.15918	25767.84863	25364.29981	23929.36719	23644.74024
22748.2002	22109.92481	21744.56299	21376.31445	21198.24902	21658.92334	23104.06934	23280.91358	22995.28272	23362.28858	23559.042	23702.64404	23055.40625	22912.11377	23273.45264	23738.93848	24352.25	24888.61377	24554.80713	24831.75	25650.02686	25391.34571	24113.03418	23710.37891
22892.81885	22333.70899	21936.82813	21601.58447	21308.45947	21624.01758	22469.22559	22410.67969	22415.89063	23037.43896	23151.29932	23438.65918	23183.57715	23087.73926	23536.07178	23716.72705	24360.5669	24811.96338	24667.18115	24745.39014	25732.88428	25269.92188	24054.92188	23641.69483
22701.27783	22011.04199	21523.69775	21277.74707	21021.87598	21462.76953	22224.92822	22247.22656	22140.9209	22695.98438	23063.22412	23376.29883	23056.11914	23033.64551	23355.88526	23748.74756	24389.45215	24921.98291	24871.67822	24806.84326	25800.82422	25478.43701	24023.46094	23512.0791
22557.92432	21908.28223	21324.47315	21018.70947	20886.28711	21342.57959	22657.15479	22622.96485	22583.29785	23342.15967	23811.84766	24132.56397	23705.27149	23491.9585	23873.9707	24505.11328	25255.15723	25684.61963	25302.30566	25114.07568	25795.14062	25285.92774	23753.2876	23453.73193
22402.35254	21812.01758	21239.06397	21023.56299	20951.32715	21362.17774	22657.79199	22831.99658	22820.17432	23615.29737	24149.62061	24553.70313	24062.74951	23733.01611	24112.79297	24668.95996	25498.80713	25991.47803	25647.64112	25430.49805	26105.98438	25714.62402	24354.52637	24010.12109
23145.69238	22454.63086	21897.18897	21503.81201	21310.53272	21687.10645	22868.88037	23075.44189	23240.18555	24031.18457	24674.57862	25045.86914	24712.65967	24525.14698	24827.01075	25111.69092	25694.79492	26110.6416	25601.65283	25445.92285	25889.61963	25359.79444	23791.79297	23484.04053
22514.8457	21737.36133	21336.43555	21026.43799	20729.3252	21170.29444	22506.14551	22676.15674	22673.10498	23497.23731	23937.49365	24415.82324	24006.20801	23697.27197	24094.13867	24621.5791	25356.74023	25908.63819	25459.07861	25199.47315	25745.49805	25266.86719	23836.90186	23396.56641
22489.17334	21725.27539	21323.96045	20901.3462	20691.06201	21194.18066	22441.2417	22710.44531	22928.1294	23778.6836	24243.6416	24773.85694	24450.67383	24177.15137	24675.35303	25155.23633	25903.20215	26354.26123	25815.32764	25777.81446	26356.75	25882.85694	24554.33887	24021.81055
22980.69092	22075.75879	21364.66406	21054.20996	20828.77881	21118.72022	21809.71289	22137.43994	22506.66016	23489.91944	24109.5835	24643.78321	24526.89063	24592.73437	24892.07178	25465.77198	25757.07422	26239.23047	25992.19385	25637.47461	26270.79932	25618.2544	24191.37939	23582.50879
22556.48096	21738.52149	21242.79395	20924.05567	20841.32324	20844.27051	21370.20068	21910.02881	22288.18897	23073.86182	23401.60694	23673.54053	23411.32373	23196.93945	23200.45947	23510.13965	23995.42822	24611.50293	24462.67481	24251.021	24740.82764	23880.43945	22436.81103	22444.22559
21771.33155	21371.02979	21009.58496	20706.21485	20559.72461	21029.61035	22493.70117	22689.16504	22652.46875	23142.79639	23223.41846	23419.0127	22781.03711	22239.61035	22643.5586	23206.22901	24065.53711	24771.89453	24722.13721	24690.10694	25370.84375	25038.02149	23560.29737	23236.2378
22331.16309	21757.43457	21463.53028	21149.6333	20996.10693	21482.2583	22743.85449	22871.38037	22764.69824	23432.94288	23849.85645	24273.4668	23693.74121	23344.77441	23609.29981	24003.86572	24573.93994	24762.36914	24592.4917	24413.30127	25366.80518	24771.68653	23334.5586	22942.67969
22196.83838	21570.91748	21306.04346	20952.62158	20851.51221	21368.33545	22633.4751	22714.86573	22649.6211	23228.61475	23408.76465	23438.80909	22798.91455	22567.36377	23114.99023	23723.89453	24461.95313	25071.98389	24986.35547	25062.14404	25632.38379	25191.8584	23731.75293	23405.10254
22553.10938	21926.04541	21493.74951	21141.67578	20996.14356	21463.53125	22705.34814	23150.69629	23534.74609	24179.64404	24578.35547	24632.36524	23787.61572	23311.13721	23540.14844	23958.4712	24826.98437	25395.52832	25230.87891	25093.67041	25607.84668	25025.38672	23490.14795	23287.65528
22491.61816	21997.1836	21542.15576	21358.8628	21127.79346	21485.89307	22789.04151	23395.95606	23554.00635	24332.83985	24701.6294	24938.82373	24200.27246	23835.4043	24245.70947	24484.90967	25259.15625	25670.00928	25197.10156	25114.76758	25267.8125	24740.28955	23361.0669	23196.02442
22465.34033	21929.84473	21520.32178	21326.71729	21165.82373	21378.42725	22154.55762	22732.57861	23330.52881	24537.2417	24813.36865	24919.96484	24238.68604	23990.5708	24084.16309	24318.22608	24908.80859	25269.33741	24958.83008	24743.5625	25019.27002	24537.24414	23219.66113	23022.9458
22282.69336	21828.08594	21352.99024	21086.04737	20874.64453	21079.84571	21700.56836	22115.11279	22755.08691	23681.55078	23937.16553	24221.38477	23551.28955	23424.09912	23612.17578	23911.50781	24531.2959	24931.61621	24823.25391	24710.2002	25279.12842	24756.58887	23050.03565	22629.9336
21833.11377	21440.61816	21074.63233	20831.83155	20564.66455	20987.03223	22275.50879	23063.52246	23541.55469	24438.87695	24866.33594	25082.06836	24323.93945	23809.3086	24058.01514	24375.73731	24955.60987	25562.76465	25140.4502	24783.05908	25162.48877	24613.70703	23159.31934	22792.30322
22024.99317	21412.04297	21091.29053	20893.00195	20800.12842	21127.24073	22493.79737	22834.72803	22835.88623	23254.15967	23486.24072	23678.18506	23280.82373	23037.9585	23747.10596	24218.84082	24893.26953	25499.05566	25355.30078	25199.5459	25837.81152	25757.58057	24080.54297	23461.63965
22679.64209	22070.95264	21692.87793	21511.72998	21016.53076	21460.48633	22584.03272	22863.16309	23206.68018	24132.26367	24594.53613	24844.7168	24221.51026	23716.24365	23997.54541	24359.8291	24642.96094	24949.08594	24724.8418	24353.1416	24836.98242	24397.50635	22834.31104	22596.08545
21903.17481	21441.18555	21023.46631	20718.03906	20613.74707	21097.30616	22473.85108	22495.23828	22284.16406	22938.14063	23262.55615	23445.29981	22990.9541	22750.36182	23313.26953	23657.54493	24374.30225	25076.18946	24796.50489	24736.47559	25440.27051	24943.65821	23436.12696	23220.08594
22460.9253	21980.32031	21497.62012	21242.76807	21084.19385	21435.02832	22646.58789	23254.44824	23518.89356	24335.99756	24715.45313	24728.39893	23817.47803	23348.32959	23797.83741	24200.1626	24731.43018	25145.86865	24809.42285	24635.72559	24946.13037	24402.14746	23007.01172	22940.46289
22208.46094	21690.37647	21360.09766	21123.97071	20903.43848	21211.40918	21931.48633	22398.72119	22969.49512	23987.30616	24313.37158	24487.66211	23864.26172	23534.51807	23739.12451	23958.65674	24660.49561	25010.01465	24815.36719	24489.89063	24749.14063	24149.14014	22866.54248	22741.96729
22121.91504	21636.04541	21247.99561	21015.74854	20827.90528	21102.26758	21660.78174	22074.11084	22675.75049	23454.6919	23699.66846	23854.6875	23321.73194	23062.31592	23084.07227	23304.04297	23922.77392	24361.26318	24220.73486	24124.7417	24814.30957	24652.33106	22988.32715	22622.14063
21841.14356	21372.88575	20941.06055	20688.53418	20516.3291	21015.98242	22545.39307	22855.22266	23009.45801	23534.88379	23764.61475	23721.10938	23104.41211	22718.06885	23007.96777	23236.33692	23948.31983	24700.30616	24737.91993	24590.80859	25422.42774	25238.9043	23715.4126	23423.99658
22545.63819	21874.92529	21541.78467	21336.9917	21125.26319	21591.49317	22959.7915	22927.49561	22741.84278	23198.00781	23579.7627	23845.43701	23298.99756	23017.479	23537.30322	24173.36328	24887.53516	25371.52295	25100.79151	24984.80908	25626.31543	25293.69483	23894.57032	23503.17432
22778.4961	22114.14209	21611.7417	21262.99414	21109.37891	21616.66455	22717.25195	22940.93848	22970.25879	23775.02002	24136.4541	24544.39551	23842.10889	23508.11328	24142.13281	24715.47412	25385.70117	25979.125	25630.59229	25352.54004	26090.73926	25944.60938	24338.22705	23939.48731
23038.82422	22383.80811	21848.12305	21694.23828	21525.89014	22054.36524	23181.83594	23209.60547	23117.07178	23773.40576	24304.90137	24602.76026	24216.03955	23979.78711	24511.04151	25067.19776	25747.81983	26394.54834	26157.19336	25819.13184	26428.48828	26195.53174	24733.11475	24430.48487
23460.06006	22851.84766	22427.50537	21965.61426	21733.57764	22117.78809	23221.04199	23227.11377	23224.07227	23974.69141	24688.21582	25327.27783	25005.67529	24917.97266	25499.51563	26133.91944	26705.84863	27132.58106	26680.53955	26399.33106	26854.15527	26607.78907	25237.74903	25106.92237
24096.99121	23381.05664	22897.88916	22398.09229	21973.17627	22329.66943	23128.38281	22999.53711	23195.59424	24002.90577	24568.33887	25048.20996	24827.61719	25008.36865	25297.30078	25906.03516	26578.50195	27252.83399	27024.58985	26695.41211	27167.2583	27029.19043	25696.74024	25294.81543
24292.39014	23509.39551	22991.00489	22466.15821	22188.20801	22406.14453	22999.51709	22867.57569	23043.65186	23953.48242	24551.17285	25008.58887	24793.21387	25056.95313	25500.77149	26152.71387	26786.58496	27504.4292	27028.80567	26510.67627	27196.32471	27066.71778	25522.4375	25320.12012
24297.71289	23599.04688	23008.02588	22557.91651	22203.5	22563.86572	23805.01807	23802.7251	24202.68457	25279.22217	25846.12354	26425.29297	25931.9917	25512.25781	25825.93262	26137.00879	26736.61182	27275.59375	26862.14356	26450.30811	26747.71729	26602.28418	25139.93311	24902.04248
23983.27344	23159.72217	22626.1748	22240.28857	22040.77735	22503.1084	23783.54444	23848.8584	23946.88574	24829.34375	25530.46192	26010.2002	25811.63037	25563.94678	26202.71436	26908.67676	27606.98682	27961.95752	27640.05713	27183.65479	27511.44483	27247.91309	25715.86816	25299.85157
24360.70166	23631.9961	23061.13672	22527.7959	22207.45068	22659.17969	23761.3711	23805.90918	23859.50244	24956.07373	25622.53662	26262.72412	26074.36963	26086.26807	26599.77051	27224.26563	27916.22852	28627.12451	28246.95703	27677.98877	28097.50782	28036.96826	26589.69971	26045.41016
24880.0459	23969.97217	23272.48584	22925.24805	22662.27441	23094.94629	24224.14405	24277.23682	24643.70996	25937.125	26690.60205	27400.1084	27234.55078	27159.72656	27716.63574	28242.51904	28763.57861	29169.47754	28360.86182	27974.85742	28375.2544	28312.58545	26925.56299	26729.84815
25325.97998	24552.94727	23904.81202	23386.13965	23059.20996	23402.29053	24590.54248	24653.31641	25120.54248	26183.89551	26732.19385	27146.4209	26611.87793	26545.2251	26782.40137	27159.88281	27429.06299	27829.4751	26926.00586	26533.77588	26798.14893	26460.55957	24889.36231	24907.4082
24105.29248	23481.13818	22962.63672	22703.96192	22293.3584	22538.06983	23312.08447	23609.77686	24069.03125	24998.38672	25503.94971	25834.65625	25489.24463	25232.93262	25448.86279	25722.79981	26207.42041	26597.55908	26205.02637	25658.33887	25907.5293	25354.16162	24074.97363	24044.30518
23244.25488	22775.4502	22337.43311	21950.33741	21757.56739	21980.20117	22737.82129	23112.73682	23386.10694	24211.3252	24467.30664	24733.0791	24283.09229	24159.13965	24213.9585	24473.93457	24939.13623	25455.09473	25269.71289	24974.50147	25709.15283	25741.28076	24276.08008	24004.98975
23177.24903	22587.60108	22125.83789	21755.6543	21522.65576	21855.34131	23235.97363	23510.95313	23716.87012	24746.66651	25226.17676	25569.99317	25286.32861	25183.94922	25898.39844	26376.80567	27063.2002	27512.74707	27134.48486	26749.91211	27246.3335	26992.74121	25403.77832	24925.3291
23927.84375	23204.86182	22769.09522	22389.9707	21972.85303	22414.77881	23773.33301	23689.98145	23926.48682	25023.47559	25690.0791	26252.67188	26029.60596	25824.91651	26385.3003	27030.03955	27491.39551	27813.64844	27447.87207	26947.13867	27371.45703	27061.75293	25647.31055	25323.93408
24432.77539	23635.92041	23068.66797	22716.96436	22509.37793	22853.50293	24111.23828	24207.19629	24436.15967	25484.54102	26169.90381	26774.80957	26589.8501	26652.16748	27065.41407	27786.23584	28575.84912	29046.84912	28475.56592	27790	27954.5957	27853.98145	26716.76612	26321.47071
25177.12647	24384.38721	23595.40723	23117.92334	22810.63184	23044.01856	23964.96436	23924.81104	23822.33106	24490.67041	25045.97315	25574.12305	25792.23389	25928.58252	26097.97852	26640.02442	27305.65674	27902.97852	27851.12842	27331.60986	27672.26465	27818.25879	26659.94336	26282.87891
25151.60742	24203.07666	23649.54102	23205.62354	22819.5752	22957.72608	23743.8208	24036.41992	24266.0918	25216.23486	25964.37305	26762.36475	26798.30664	27043.23389	27419.43115	28137.40137	28680.98633	29224.76514	28867.09619	28135.55909	28402.80762	28481.33301	27411.96484	27130.52832
25800.92529	24973.70997	24307.66016	23686.51465	23478.17529	23551.13526	24315.64453	24282.6792	24670.53028	25931.2832	26588.33838	27377.17383	27505.35791	27881.89014	28216.23535	28883.29834	29315.25879	29788.66309	29302.46045	28508.55322	29064.64795	29203.77295	27801.60401	27090.86035
25864.36914	24981.25195	24286.41651	23934.18799	23467.78174	23902.12744	25003.74024	25175.83545	25658.31836	27096.83448	28025.91699	28760.82568	28721.03223	28499.64893	28902.7251	29887.56641	30584.05274	30959.20703	30399.57471	29799.03956	30068.75342	30028.1499	28542.32031	27988.40527
26705.90967	25706.75879	24921.47949	24396.63526	24000.45459	24138.93701	25389.45899	25569.146	26096.62842	27590.86231	28546.51172	29347.65381	29489.12256	29446.09327	30045.47656	30836.93945	31627.16846	32110.97608	31023.22461	30571.06397	30880.38135	31076.57178	29945.01026	29143.88965
27632.47705	26369.12842	25651.29688	25058.9502	24447.6958	24689.14453	25747.33692	25840.84717	26844.9585	28829.4873	30047.84814	31042.62695	31467.41309	31675.07618	32071.91748	32622.50977	32658.21875	32116.58691	30538.37256	29787.70313	29868.68799	29489.15821	28129.93994	27701.15332
26369.42774	25367.03321	24599.21826	23939.29639	23583.95557	23560.29639	24573.94873	24989.34619	25852.48682	27295.95996	28068.08936	28700.07568	28560.85205	28635.76709	29040.94482	29390.03858	29896.02734	30222.43018	29569.72949	29269.71387	29826.07715	29677.56885	28421.76318	27975.06104
26754.86035	25803.44678	25155.36377	24702.1626	24304.50098	24492.69043	25353.36768	25598.73096	26261.37402	27751.85693	28800.84277	29763.55469	29962.95166	29934.96192	30384.07862	31093.39404	31570.81983	31994.07031	31212.97803	30520.53906	30684.0293	30818.53076	29468.8418	29001.64649
27462.1167	26367.81348	25331.87793	24737.76563	24344.9541	24528.98633	25307.09571	25397.44629	25953.25391	27625.31006	28769.93067	29840.08203	30192.52881	30438.31836	30922.41113	31523.57422	32245.4082	32603.80566	31792.85937	30866.46973	31080.56104	31386.22119	30259.66651	29904.30664
28456.40723	27058.91553	26173.09522	25483.25537	24856.30713	24817.38086	25337.36279	25344.60059	25780.65479	27033.41553	28130.81445	29231.94092	29472.48486	29648.54004	29611.2456	29692.37012	29691.23438	29741.16357	28853.28906	28225.56739	28681.8003	28739.69336	27765.7544	27538.09131
26537.48828	25640.97949	24975.32275	24332.16016	23951.6582	23984.52637	24406.38819	24637.87696	25078.75635	26122.64112	26501.25244	26872.42383	26534.08741	26328.81836	26521.93164	26878.15772	27248.08789	27696.104	27260.03076	26907.53369	27134.63282	26646.91699	25337.62305	25104.16016
24283.83106	23708.44532	23053.93164	22710.99854	22510.51367	22608.81739	23710.03858	24223.01514	25075.08008	26032.89014	26549.92871	26691.91016	25820.17334	25297.04932	25514.85205	25638.92969	25957.16211	26177.01904	25431.81299	25118.92676	25347.00928	24936.04004	23678.65186	23773.73096
23124.89649	22482.44922	22057.74512	21749.8584	21503.99659	21843.81836	23048.14356	23299.44727	23521.59766	24453.14942	25049.99121	25666.43457	25629.32178	25514.05957	26248.40088	27028.71094	27763.7378	28220.40625	27810.64014	27307.23438	27550.16358	27445.82324	26162.6377	25756.8833
24734.08496	23701.00977	23201.5249	22632.98438	22406.47949	22727.09375	23766.23535	23912.0708	24325.93848	25528.45947	26373.50537	27246.10206	27303.65869	27455.29639	28125.22998	28862.69043	29359.43897	29813.26953	29050.94776	28255.8125	28877.82861	28847.53662	27507.17969	27245.51025
25968.20654	24962.03711	24115.08545	23589.46241	23344.73633	23567.69971	24462.33691	24727.92285	25427.98291	26778.44532	27380.23047	27985.75391	28009.0332	27953.771	28540.72607	29233.82715	30005.50391	30556.31494	29891.67188	29205.41016	29398.95996	29526.52784	28371.4458	28139.63037
26672.55811	25472.80225	24823.56104	24124.22949	23812.51221	23940.51172	24837.83692	25074.47217	25763.71289	27167.83106	28267.70508	29177.45362	29350.59424	29678.75098	30246.14356	30987.95703	31355.50928	31747.88526	30952.31446	30164.18115	30355.78955	30508.34082	29195.84717	28699.76758
27289.75244	26038.62207	25212.48535	24431.54785	24118.92822	24115.83936	24744.63233	24841.56397	25245.64502	26578.21533	27539.25586	28554.38232	28974.74903	29440.42041	30032.7461	30688.50781	31389.80908	31722.48779	31132.4126	30387.28223	30740.73682	31133.7627	30192.0044	29737.8916
28328.62451	27121.18799	26150.13135	25439.81299	24847.96924	24744.01025	25406.15039	25492.15918	25805.96094	27287.3335	28451.66846	29688.72461	30288.0708	30827.26563	31349.13965	31800.37305	32603.14356	33328.29297	33000.54297	32092.08252	32424.49463	32990.39942	32123.83496	31442.28467
29584.12158	28181.51319	27083.22705	26218.49561	25733.24707	25595.67432	26272.66699	26608.9126	27911.7085	30039.82666	31614.69873	33032.33008	33713.29688	34117.29786	34620.48633	35087.99121	35830.80566	36242.0752	35218.29688	34328.07715	34650.71192	35383.08692	34562.73242	33854.3252
32045.40381	30578.46729	29566.50928	28573.89502	27990.65479	27694.05518	28085.0415	28391.979	29999.67676	32404.32324	34079.12695	35553.41602	36294.46387	36774.68652	37106.76075	37519.38184	37620.60938	36483.09375	35144.88184	34538.32129	35141.37012	35946.7832	34989.25879	34007.01758
32164.17627	30462.03272	29422.21045	28421.59473	27850.38672	27568.7041	27983.05859	28311.19873	29928.21094	32342.17041	34038.42871	35632.04785	36394.9375	36534.48828	36377.82715	36344.10645	36516.18359	36308.27539	34592.96387	32683.51465	32423.98291	32019.65479	29905.25733	28907.26074
27325.55176	26144.33252	25187.98926	24551.19727	24122.07276	24007.92627	24448.86426	24741.59863	25363.38721	26327.98975	26704.66748	26923.25244	26320.75977	26151.14356	26442.43018	27019.41308	27527.86963	27739.61524	27060.86133	26320.97363	26753.22266	26515.12159	25579.08496	25490.59375
24927.86231	24248.08545	23600.50781	23147.17481	22930.33106	23069.26758	24004.52442	24467.19971	25094.33935	26352.27393	26715.5293	27543.20557	27555.32373	27965.11035	28577.33643	29045.82569	29524.91407	29580.93799	28763.00586	28243.53321	28646.75147	28661.20557	27661.52832	27412.94776
26294.31006	25269.73731	24526.7417	24005.6582	23507.12061	23562.03174	24219.40967	24434.77979	24709.05127	25976.72022	26890.83594	27741.81787	28002.01904	28398.68555	29015.96191	29522.08789	30201.03711	30554.57471	30089.36475	29460.23535	29571.90381	29648.34863	28651.08643	28395.46875
27110.80567	26160.96387	25233.36182	24617.52002	24177.64063	24233.57568	24815.30079	24843.66699	25010.02832	25981.18848	26860.11963	27857.28857	28285.82617	28801.22412	29361.27735	29986.89063	30705.86963	31231.27295	30778.92041	29975.04053	29996.35108	30259.88282	29166.84961	28687.58985
27353.05762	26175.43311	25374.94922	24725.56738	24159.60205	24266.85791	25149.1499	25714.2915	26408.58838	28140.92969	29196.68311	30425.0083	30859.36719	31369.76856	32041.36084	32615.21875	33393.88379	33655.39551	32622.03711	31334.25147	31217.99756	31495.61719	30335.79737	29884.61328
28230.74805	27055.28565	26132.91162	25359.6289	24756.2793	24813.7832	25742.36963	25985.95166	26963.646	28459.48389	29348.51172	30309.4458	30676.04151	31060.37012	31563.31739	32156.27442	33005.38379	33407.36523	32656.3916	31487.44434	31388.15479	31622.292	30463.02099	30116.18604
28553.70313	27254.625	26390.06739	25774.12012	25254.7959	25204.36816	26149.67041	26475.53955	27398.75733	28940.05957	29936.75538	30797.64161	31187.88819	31698.94629	32345.01953	32999.93652	33658.90235	34125.57227	33083.16211	32187.06543	32324.24903	32619.38477	31702.66455	31097.40967
29486.86475	28035.1001	26978.50196	26239.43164	25768.80469	25753.66992	26496.6499	26766.12549	27915.10205	29846.52051	30881.41797	32076.83203	32649.89307	33117.10449	33579.89942	34052.33692	34710.6836	35033.11426	34007.97754	32796.98926	32765.99365	32576.49609	31046.99219	29188.63281
27284.5376	26188.61426	25387.36914	24848.17041	24392.25098	24414.83203	25152.64307	25655.82813	26573.0708	28062.4458	28880.01025	29862.37402	30597.06592	31037.54199	31762.10889	32544.07861	33402.28906	33603.90918	32678.26465	31712.45117	31749.12842	32152.03662	31123.93994	30618.15332
29052.50489	27772.9043	26923.02392	26093.28809	25531.56104	25469.44776	25999.45996	26117.96729	26627.93555	28210.51514	29623.34912	31045.09131	31474.11817	32045.17676	32455.5	33019.36719	33512.4668	33884.28516	33395.77637	32341.18799	32502.92188	32780.57715	32044.13233	31500.59033
30046.37158	28680.25293	27522.61621	26803.8003	26222.1001	26039.67041	26322.37988	26399.63965	26845.33154	28402.47364	29845.10205	31148.1294	31967.34229	32646.15869	33112.18164	33658.79004	34298.70801	34773.51856	33892.94629	32777.33838	33390.01953	34006.10645	33338.0791	32713.87158
30929.56103	29566.11377	28419.81153	27340.60889	26581.8501	26294.92725	26915.43653	27238.55225	28545.1499	30400.70703	31437.44922	32244.61426	32696.01758	32987.4043	33604.57715	34031.5586	34424.4043	34714.55664	33816.84278	32652.91016	32480.71191	32480.81689	31581.90381	31115.3999
29507.78565	28242.29199	27250.26612	26486.16406	25905.42822	25742.39795	26477.26221	26974.51514	27942.3501	29650.84717	30764.06055	31919.06885	32638.35498	33246.75879	34001.41504	34727.41211	35578.4668	35996.05664	34929.23828	33882.41309	34011.7334	34191.53614	33006.89111	32376.73487
30611.25879	29167.90332	28166.92481	27149.46191	26635.79883	26440.93799	26995.07129	27215.3418	28287.69678	29904.08594	31191.54004	32383.05859	32880.15576	33356.72852	33727.83594	34375.77148	34988.84863	34835.54492	33429.45215	32444.50489	33009.01367	33252.21094	32148.67481	31711.72852
30122.14697	28848.14893	27752.24756	26927.17822	26619.83106	26336.88233	26863.26611	27137.60401	28149.22363	29914.50049	30923.07471	31499.09766	31588.89014	31753.45459	32123.62695	32413.5874	32719.9585	32414.25537	31305.49463	30722.7666	31084.87598	30756.39404	29467.8418	29095.72022
27647.77881	26496.07813	25694.84131	25116.65088	24584.28467	24464.58447	24973.4209	25357.12793	26297.68799	27739.28467	28361.56494	28665.67334	28198.19531	27910.59424	28019.82715	28322.67871	28662.23145	28877.47364	27923.03906	27389.21094	27735.73096	27292.95752	26052.33252	26058.75733
25096.71875	24332.06446	23738.46973	23399.92041	23040.29248	23085.62159	23754.81738	24158.54248	24787.32129	25909.44776	26595.13672	27142.43262	27199.09375	27416.0752	28082.30518	28380.57178	28916.6416	29356.12598	28617.104	27991.63623	28292.70361	27916.01026	26817.06885	26639.36084
25702.68701	24724.71729	24174.79883	23596.21338	23263.2793	23344.64746	23900.21436	24184.27881	24664.30078	25586.10303	26289.26123	26933.73291	27024.70947	27425.98389	27943.99121	28509.34131	29232.62061	29672.14697	29207.26465	28377.51074	28853.90576	28580.08008	27572.25244	27358.86231
26155.30957	25242.34424	24480.46729	23923.15674	23571.03223	23576.37793	24407.81201	25121.75147	26153.83008	27875.31885	29171.06592	30193.13867	30390.66846	30711.8916	31168.64502	31659.7085	32136.17725	32526.75977	31764.46729	31002.64795	31294.83692	31253.27051	29965.79834	29317.81348
27779.85889	26456.17823	25514.00586	24754.58789	24316.02149	24284.48193	25202.2417	25737.37012	26777.22266	28644.66309	29957.57861	31252.13672	31727.26514	32198.53174	32669.64697	33255.20996	34043.31934	34526.58106	33818.21094	32793.19141	33086.21241	33598.57032	32405.2334	31710.84131
29870.36035	28396.62891	27219.44043	26348.88818	25819.71533	25757.85254	26521.01172	26959.68311	28193.98096	30179.1665	31428.76905	32854.52637	33579.6836	33960.24512	34335.30566	34934.42481	35407.58496	35337.88672	34385.69336	33519.70801	34023.39942	34338.01367	33139.52735	32304.14502
30542.83398	28920.42481	27928.14307	26955.75244	26366.68653	26174.87256	26750.47803	27209.7544	28601.70654	30673.67676	32130.99658	33529.30371	34411.00196	34797.74707	35322.46485	35852.19336	36531.11133	36847.10352	35866.11231	34748.03028	35193.44727	35640.50391	34571.40527	33701.79102
31892.78565	30392.37061	29140.85644	28167.78174	27566.16944	27247.51856	27686.69776	28183.69532	29745.86768	31983.91748	33631.79981	35107.05762	35978.16992	36336.2168	36517.20313	36767.63867	37108.92285	37038.93164	35652.24219	34728.38574	35404.83887	35966.86231	35012.49512	34406.86231
32581.53955	30941.12988	29633.125	28639.25635	27954.24121	27519.46777	27675.40039	27929.24463	28861.02393	30774.74414	32411.7085	33839.77735	34872.36524	35530.63574	36082.18555	36513.36133	36797.98242	36703.15137	35120.625	34201.43946	35047.30567	35472.65918	34508.0332	34005.57324
32492.2749	31081.1919	29907.98731	28973.32471	28168.90137	27798.44483	27911.28272	27963.10352	28551.52832	30151.47022	31167.50635	31972.77979	32210.48389	32529.58692	32822.99365	33204.47852	33834.1709	34100.18652	32757.23438	31693.5415	32277.27295	32124.16846	31036.17529	30657.31152
29244.99463	28115.53467	27187.75342	26695.4585	26109.87402	26091.19287	26742.92481	27339.45801	28604.36963	30403.97608	31257.15039	31731.45459	31419.12842	31396.01709	31151.46191	30916.21729	31087.53711	31241.27295	30134.08106	29569.04492	30243.20361	30061.17871	29067.34766	28725.15381
27571.02881	26573.84131	25803.18799	25278.9585	24865.53076	24931.40137	25702.27197	26390.83741	27502.36231	29005.65576	29813.97559	30620.39404	30809.30518	30636.57129	31052.34473	31588.44873	32273.77588	32755.39404	31863.77539	31197.29688	31636.11328	31546.02051	30363.55176	30010.74024
28615.59277	27487.58789	26733.03467	25937.57178	25488.42774	25464.48389	26129.58057	26874.36914	27980.08545	29539.96973	30384.91846	31401.48584	31582.917	31907.17334	32449.68994	33105.5957	33742.57129	34259.44922	33353.5459	32623.31739	33166.84668	32989.05371	31750.58447	31161.20703
29494.29395	28306.80469	27380.53125	26659.11719	26133.15772	26111.31299	26639.86719	27211.4375	28239.31934	30002.15039	31261.35254	32485.94727	33140.43067	33536.13574	34103.76758	34699.88477	35422.05957	35794.22754	34761.91602	33837.68945	34286.92676	34346.60742	33060.65576	32413.56055
30648.2124	29171.69678	28154.60059	27426.28369	26877.0586	26601.17041	26966.85059	27462.10693	29046.90772	31340.50733	32781.82227	33994.67774	34317.88672	34414.38965	33941.33301	33765.86816	33452.18262	32839.99121	31203.12549	30480.37988	30880.5083	30328.28467	28725.12744	28414.23926
27397.50391	26539.74317	25752.79444	25065.27197	24485.86572	24533.13184	25021.64502	25434.81153	25945.59424	27027.20948	27756.71484	28281.56153	28603.3125	29217.31592	29839.04981	30512.63086	31191.77197	31880.1792	31525.03369	30666.00293	31013.50586	30783.54443	29651.70508	29266.50879
28005.61377	26855.93555	25834.45117	25278.47559	25017.74414	24868.98535	25317.79785	25685.09863	25955.01318	27206.80762	28199.65332	29449.63477	29942.78565	30496.03858	31092.83838	31735.13037	32469.50928	33138.2041	32618.87549	31709.56299	32270.93701	32041.91406	30698.4917	30368.66992
28790.32764	27538.01562	26707.74072	25968.32178	25367.68067	25310.45606	26096.20703	26687.38721	27752.81494	29520.0791	30926.75879	32376.08106	32977.76172	33460.28614	33953.58594	34764.40235	35499.35547	35824.65235	34709.90039	33600.2041	33896.43067	33675.86817	32327.43359	31753.74658
30046.07861	28542.23096	27371.18848	26665.54639	26075.86475	26009.99561	26619.46338	27103.51709	28348.34522	30211.44532	31247.78418	32496.39209	33230.35938	33681.55469	34120.42969	34698.75	35475.54688	35901.94629	34713.13086	33746.1416	34080.67969	34068.66309	32786.0083	32004.39795
30456.77588	29113.12744	27963.42334	27168.81104	26572.50733	26304.24561	26941.97364	27508.28809	28797.30274	30576.1001	31833.90137	33013.10303	33992.45508	34469.66309	34954.06152	35564.10059	36394.66113	36645.12989	35465.24024	34325.68164	34753.75	34653.87696	33298.80322	32573.12842
30782.00147	29399.72412	28221.86084	27525.43994	27018.875	26862.09375	27418.8462	27910.61817	28884.10987	30613.92578	31757.99024	32961.96192	33349.58106	33702.07715	34356.60059	35043.80176	35530.97657	35492.96875	33973.19532	32894.9873	33421.05176	33080.74512	31883.04785	31437.77734
29947.15576	28589.66895	27389.53955	26626.68066	26123.06788	26072.98389	26793.96192	27405.39795	28310.40039	29683.44043	30325.1377	31042.99414	30964.81787	31330.39551	31802.22803	32190.15088	32766.27783	33138.66602	32052.7832	31448.41748	32076.54199	31783.90527	30719.65137	30298.29688
29024.34278	27800.26319	26981.18701	26341.74561	25903.10987	25831.13233	26185.01758	26433.09228	27200.6919	28665.12842	29785.68262	30852.08936	31084.2832	31506.44629	31983.79541	32427.47119	32740.52393	32686.37793	31762.61914	31196.48047	31699.81104	31134.41602	29784.74024	29446.90723
28231.99072	27169.09375	26054.55909	25409.40381	25005.82275	24783.02832	24902.53418	25540.70996	26123.10254	26974.45752	27309.27686	27560.66309	27408.32373	27391.10303	27513.2959	27763.8335	28177.7544	28633.76612	28135.07471	27764.9917	27912.59521	27214.55811	26267.40869	26196.37061
25315.01514	24425.65918	23976.69043	23507.98145	23200.68848	23472.07226	24328.58447	25200.71436	26162.59619	27533.33594	28259.00342	29169.96582	29376.47608	29590.3501	30248.54981	31120.81055	31938.94483	32548.08106	31668.31787	30916.63233	31217.56592	30484.81641	29030.60889	28520.90967
27227.07861	26135.95606	25377.3335	24704.13135	24268.13233	24262.04834	25081.74659	25430.32227	26071.78809	27446.41553	28272.45069	29199.98096	29504.99902	29796.90039	30483.50684	31248.70703	31774.6211	31819.75781	30840.05078	30161.42188	30278.73145	29511.57959	28168.44922	28014.98291
26874.99463	25769.88916	25019.49707	24455.72852	24174.41504	24199.17041	25005.83643	25535.07129	26481.86279	27647.05225	28194.46338	28502.96924	28035.20068	27754.71533	27982.62256	28351.54297	29256.66504	29923.66553	29398.29346	28978.9873	29234.7085	28452.94385	27115.70459	26976.40576
25938.60596	25070.47754	24266.24072	23808.06934	23708.99951	23695.49903	24561.76562	25243.95264	25693.43653	26597.10401	27034.7627	27574.80225	27575.0752	27740.58545	28408.29199	29122.34619	29892.66553	30511.79297	29819.78662	29244.76172	29381.77637	28575.20459	27023.88623	26886.02344
25782.02881	24910.5	24248.45655	23710.08789	23366.58545	23499.41455	24386.69531	25042.48828	25882.15869	26950.1919	27548.07715	27738.32276	27280.54736	27071.17676	27725.31006	28289.50879	28910.72949	29027.02002	28209.74658	27959.9082	27864.44727	27222.33447	25968.69385	25983.28516
25056.89844	24426.09619	23832.81201	23321.99121	22984.28223	23142.46338	23484.21338	24128.33008	24985.77686	25949.84961	26248.55957	26371.95801	25722.54053	25381.20605	25586.15967	25776.74512	26314.84082	26595.35352	26044.8208	25966.07031	25804.16895	25090.56592	23891.41016	24076.89795
23425.48828	22685.15625	22179.08496	21987.90234	21798.10791	21796.28809	22410.33838	23127.0918	23563.22852	24163.21924	24420.36963	24706.17579	24381.95313	24224.14502	24361.15284	24611.49219	25204.95899	25652.01123	25597.82325	25527.91602	25871.74268	25296.79102	24222.09717	24032.55762
23327.37158	22640.42285	22147.81201	21799.29883	21584.49414	21867.19824	22971.57031	23830.96924	24312.62354	24914.14893	25225.39942	25426.3711	24854.67823	24702.08399	25157.96192	25694.75391	26513.39649	27206.42481	26899.47412	26929.43946	26992.70459	26253.84619	24820.50537	24724.49023
23731.49903	23047.23877	22597.96143	22080.5293	21966.31348	22240.17676	23308.5127	23841.82617	24126.20069	24774.27686	25175.10107	25560.3833	25367.20557	25252.92334	25833.39844	26439.09619	27113.16992	27774.96289	27465.85742	27390.57227	27540.27002	26874.83838	25402.03906	25000.19287
24182.08203	23395.78077	22799.63184	22399.50879	22168.10645	22415.04444	23455.1919	24087.71485	24323.83203	25018.40234	25420.41162	25888.71387	25726.70703	25665.45068	26390.51075	27108.87891	27904.42285	28504.02686	28094.24658	27955.68848	28070.09229	27304.75244	25742.36963	25509.32178
24643.15674	23782.41943	23241.04541	22825.40332	22648.68115	22904.24024	23919.3545	24376.62549	24512.01807	25285.05029	25760.19434	26572.96826	26479.17432	26378.75147	27104.41358	27732.61572	28734.34131	29088.81934	28447.59912	28305.27149	28484.83497	27671.7295	26086.87891	25873.30371
24955.65284	24202.71387	23627.89649	23209.43652	22926.00342	23301.04688	24485.64356	24961.30909	25249.04736	26247.75635	26646.65039	27054.28614	26702.78516	26618.36768	27327.5874	27837.79541	28355.96143	28824.16651	28169.09424	28180.93897	28526.85254	27615.84082	26301.19092	25985.75781
25109.33496	24386.73047	23719.02002	23432.96533	23008.43457	23279.55127	24084.66016	24423.27197	24647.63135	25578.74854	26131.91504	26729.62451	26731.0625	26904.89063	27459.59815	27875.84668	28605.65967	29051.72363	28733.3169	28442.73096	28715.07471	28075.37402	26775.26367	26332.15918
25434.92774	24616.89356	23926.98291	23538.61475	23281.25733	23340.90918	24095.90479	24334.19043	24327.60352	25184.8169	25859.19287	26527.10303	26592.27149	26930.94287	27373.99609	27936.74707	28650.22754	29405.66553	29194.12158	29072.45411	29376.69531	28701.83106	26947.23779	26478.77539
25369.66895	24489.54297	23770.98193	23364.70508	23106.61719	23498.1499	24787.40869	25220.09668	25572.72705	26774.90088	27526.42285	28316.73389	28195.48389	28188.91016	28830.93701	29751.4878	30551.57178	30993.61182	30439.48828	30030.53125	29952.00147	28996.90625	27196.02198	26746.48975
25642.66113	24835.91748	24328.40772	23867.1084	23647.43701	23726.79151	25018.65576	25534.44678	25797.82764	27019.8252	27578.45313	28306.15918	28266.36231	28339.17236	28869.86816	29459.80273	30144.59766	30628.25537	29708.83496	29471.021	29380.29102	28646.44287	27040.74854	26796.61475
25798.51514	25005.85156	24350.5332	23795.03613	23560.87158	23815.28028	25127.20557	25565.71631	25925.56152	26925.98828	27746.44629	28229.87988	28281.97754	28190.55274	28623.50195	29353.46533	29926.39307	30420.23291	29640.73193	29617.8042	29444.89404	28785.12061	27366.06836	26884.20606
25933.39404	24996.08203	24417.14551	23992.73486	23762.34717	23888.48047	25220.70068	25696.34668	26180.43506	27513.17334	28349.72559	29007.1626	29034.34326	29059.46094	29732.44043	30357.69239	31103.05762	31189.07617	30303.2168	30293.43799	30238.12061	29402.56885	28045.78467	27863.86523
26799.03174	25797.72412	25315.87012	24794.69629	24448.74903	24725.42627	25712.74658	26199.58692	26732.1792	28079.42774	28897.03027	29553.18213	29727.09717	29962.69092	30532.33106	31049.90772	31739.32715	32068.38233	31143.8999	31039.34912	31075.47412	30362.54053	28932.23535	28707.59033
27422.15283	26257.25049	25505.60938	24897.59766	24350.78418	24320.27002	24964.02246	25249.69385	26108.56299	27223.00781	28001.88867	28706.54346	28470.92041	28469.99365	28632.15284	28709.59668	29033.77686	29308.83399	28848.27198	28885.23584	28799.44434	28129.47412	26972.98438	26924.8584
25917.79981	25170.70801	24618.68506	24071.97608	23711.52832	23696.04785	24257.49707	24718.75	24966.54151	25754.3208	26430.25098	27289.53711	27556.48535	27852.25781	28396.47119	28975.31592	29596.16065	30098.896	29569.33399	29579.83643	29864.59961	29266.74463	27642.09375	27363.81201
26167.31836	25388.68457	24701.18116	24153.95752	23838.07031	24026.99756	25059.43555	25726.16699	26764.8501	27983.14893	28314.51318	27990.6836	26990.70215	26502.86524	26620.31836	27135.46533	27517.83643	28067.28418	27579.94873	27704.11084	27339.417	26528.23242	25208.54883	25298.90528
24588.51562	24041.32227	23660.95752	23305.65137	23024.19629	23373.16309	24652.20508	25192.23779	25446.53711	25959.42725	26264.73877	26486.61084	26007.40039	25761.43897	26342.26905	26903.42188	27702.29102	28223.26318	27721.59375	27963.22559	27693.11621	26931.12451	25419.39746	25140.76611
24357.59229	23714.38184	23232.09961	22842.80322	22587.43897	22988.29688	24211.01172	24614.6543	24740.05127	25461.47461	25918.25293	26158.84522	25919.20313	25773.43213	26320.33399	27086.88574	27781.896	28427.48584	27903.36328	28167.68555	27699.91407	26808.2544	25360.92578	25223.56201
24368.12109	23747.34619	23223.21875	22899.86475	22707.83106	23001.32617	24277.19336	24714.0752	25022.90674	25632.59619	26212.5293	26600.4209	26226.52051	26247.59375	26869.84668	27522.3628	28259.23633	28985.47656	28309.60791	28466.3667	28055.25684	27065.9917	25681.35987	25416.06592
24556.9878	23942.07178	23548.64551	23028.16895	22928.28174	23095.47168	24292.66357	24942.39893	24929.97461	25810.56982	26214.91406	26588.19189	26345.20654	26488.29297	27116.95215	27943.14307	28460.1416	28378.64893	27930.58643	28194.48389	28035.29736	27359.52149	25996.69287	25708.75684
24841.95898	24019.16797	23516.07569	23115.14551	22800.48584	23068.91699	23787.72217	24262.21631	24486.16065	25334.24707	25954.14063	26443.52393	26331.29395	26679.67969	27265.84912	27854.80029	28785.07276	29274.74512	28755.14502	28932.14258	28637.61914	27832.83545	26550.46875	26267.25
25267.33936	24534.27491	23837.86084	23237.18457	23004.96875	23087.14405	23767.2876	24311.79688	24737.07373	25456.19531	25868.78955	26287.54346	26286.68848	26411.84082	26903.72754	27453.37891	27923.28662	28246.60742	27858.40479	28166.15235	27924.98242	27034.49512	25617.35303	25487.79883
24604.14063	23912.76074	23364.11475	22953.70508	22835.68018	23051.30322	24361.26123	25122.76026	25501.69092	26231.46875	26345.37939	26519.13379	25913.15869	25816.17334	26576.29444	27339.32373	28111.78565	28598.86035	28043.90723	28193.04493	27766.61621	26939.64405	25717.10938	25505.92529
24682.81836	24027.36621	23461.69776	23122.85791	22973.35303	23143.12744	24181.97168	25008.34815	25728.92822	26799.10791	27092.3711	27141.18506	26317.44189	25690.81201	25915.18652	26166.53223	26879.24512	27356.37403	26925.18604	26916.76856	26393.82715	25683.8545	24453.39893	24424.63623
23829.19629	23284.19922	22996.25782	22565.67285	22390.8086	22661.34034	24097.36621	24618.19092	24795.89112	25571.14795	26021.03809	26366.85498	25572.04395	25130.14209	25516.59814	25906.11816	26599.86963	27116.96875	26877.64453	26762.06738	26263.54444	25495.1958	24085.93018	24050.26123
23492.01709	22879.88037	22342.03467	22023.6045	21757.15088	22066.13037	23401.18457	24047.08643	24022.67236	24397.45264	24533.59229	24648.68653	24007.67969	23957.46777	24459.86182	24985.5918	25661.61573	26478.38135	26361.33887	26863.24902	26406.64649	25688.56446	24275.3418	24261.25146
23505.02979	22898.22608	22360.87989	22189.97022	21920.47656	22265.2749	23754.69483	24296.93506	24209.90381	24928.86621	25111.10108	25377.00684	24935.18457	24728.44531	25427.52148	25897.00391	26503.93067	27052.52002	26807.10449	27009.07373	26363.33838	25529.69727	24106.23242	24233.97705
23443.78418	22988.68018	22498.0835	22068.96533	21946.83252	22171.7544	22988.26807	23638.40576	24356.28516	25294.65186	25627.11133	25821.54639	25302.47705	24965.34326	25170.70117	25522.43897	26251.51953	26714.46094	26504.4668	26413.56299	25910.9043	25141.97461	23882.17529	23724.03174
23238.37109	22705.28662	22247.06201	21863.06494	21816.90869	22010.02588	22784.43604	23617.83643	24503.92383	25440.5542	25462.68555	25485.79053	24987.16162	24894.89551	25124.68848	25424.57276	26087.17773	26451.07959	26293.95313	26466.05616	26189.21729	25483.63965	24006.08789	23865.92725
23124.55371	22488.23389	22147.16358	21722.36817	21767.2959	22078.15039	23448.4082	24435.09571	25065.52051	25896.06543	25832.69678	25772.35547	24738.93946	24128.48828	24539.11817	24997.6919	25728.46924	26508.56055	26325.3999	26667.33447	26208.15967	25591.89893	24293.23242	24255.00049
23589.09571	22885.34912	22570.19141	22210.47949	21959.58105	22195.32178	23531.55713	24495.66065	25022.77149	25656.94336	25504.10352	25324.15577	24369.13916	24035.10937	24385.13623	24808.73291	25654.66406	26450.6919	26380.71631	26860.82324	26425.32862	25903.97412	24613.82129	24400.37012
23394.10889	22817.90479	22394.43799	22075.2666	21901.85596	22198.47608	23362.88428	24282.19629	24886.97266	25601.97119	25380.24317	25105.69434	24303.94287	23872.25537	24291.01612	24886.78516	25620.271	26280.89697	26253.70118	26624.28906	26122.70313	25521.89795	24313.62256	24164.16944
23312.11133	22721.65479	22286.69727	21956.38819	21692.7378	22072.56689	23231.01514	24114.26611	24482.55225	25207.55713	25440.53906	25582.33643	25004.04443	24640.5625	24906.6045	25147.97168	25388.59863	25683.69971	25463.13477	25659.23682	25292.67578	24602.88428	23567.26465	23433.05762
22532.19238	21884.41162	21409.63135	21090.85303	20907.31738	21029.80762	21489.99903	22090.27539	22017.41114	22365.64844	22571.04102	22696.71533	22585.70899	22172.10596	22184.90039	22300.3418	22735.56543	23421.51563	23801.87451	24526.49512	24336.68897	23876.479	22894.39258	22705.20703
21864.38574	20954.23291	20581.37744	20203.7085	20215.20264	20559.12988	21126.09277	21773.31104	21792.61328	22027.8877	22102.04248	22184.36328	22228.93115	22192.93603	22481.47754	22675.22217	22992.91797	23843.6211	24303.09082	24672.71582	24318.44482	23622.88574	22483.15186	22200.77832
21481.55469	20957.07227	20487.75293	20164.63916	20042.89063	20188.56787	20765.03711	21623.69678	21905.16895	22494.51709	22809.47949	23064.41065	23030.88477	22933.03125	22998.66553	23194.85156	23854.54395	24336.57422	24538.55616	24489.7793	24011.32519	23322.1875	22174.11328	21952.86377
21299.87402	20754.24707	20376.7041	20205.70752	20082.5415	20369.93555	20964.52979	21886.79346	22390.42871	23071.3833	23351.83106	23463.22168	23242.17334	22984.31592	23033.88184	22987.99756	23590.74707	24275.6875	24952.47852	25204.20264	24894.01318	24281.92285	23228.89502	23006.8667
22201.44434	21573.59912	21177.86035	20922.26367	20640.42139	20874.2666	21838.2627	22506.62988	22586.69434	23124.00586	22908.22364	22743.80908	22461.19141	22494.42334	22918.54053	23491.79443	24161.46289	24903.50733	25351.20264	25478.74023	25139.32422	24531.97364	23473.95313	23262.10889
22496.63233	22017.15674	21549.86328	21117.49854	21005.94141	21209.27979	21771.95557	22559.88184	23397.19922	24529.51953	24674.37842	24725.7378	24194.31445	24128.37647	24360.37403	24587.69727	25187.40283	25867.01416	25923.69238	25937.17432	25456.40137	24789.09082	23606.31397	23431.40381
22696.60693	22076.47217	21741.24463	21397.43848	21211.78662	21439.49121	22004.70606	22705.62158	23564.48389	24631.79785	25065.58008	25356.01661	24956.11133	24861.51318	25110.68115	25372.44971	25998.91846	26517.37549	26645.27051	26318.39307	25846.90772	25085.44482	23781.50146	23636.34033
22948.80713	22447.6377	21993.46045	21488.04102	21476.1958	21666.94532	22214.64649	23069.70166	23972.20166	24833.66455	25223.80518	25293.21533	24732.26026	24793.06152	25033.61475	25336.72461	26008.85303	26675.73145	26860.34473	27044.06055	26699.92139	25908.41162	24085.40723	23940.80127
23068.35694	22534.61573	22013.04492	21792.13867	21633.76563	21977.89795	23341.94531	24368.66358	24410.85254	24589.15625	24545.68653	24618.34668	23871.80615	23410.34375	23777.57129	24101.46729	25061.70215	26075.05371	26631.99756	26938.31738	26449.92041	25921.27832	24367.91553	24013.87109
23196.26514	22636.83155	22268.89649	21868.75	21706.3667	22116.39941	23334.05713	24265.60791	24100.75098	24489.82276	24542.06397	24734.51904	24150.92383	23747.79053	24062.37451	24647.64942	25479.91309	26457.94824	26733.77344	26897.0708	26364.1875	25622.35401	24245.3833	23914.16211
23135.60693	22655.35596	22138.55908	21889.75879	21679.61963	21973.08985	23410.96338	24355.34961	24204.46875	24546.38379	24306.72998	24310.38281	23657.79883	23389.01416	23745.19824	24253.63428	25137.85694	26087.2832	26652.03272	26879.13232	26594.02783	25801.11279	24344.06934	24044.71729
23320.37988	22630.11524	22174.14307	21894.03955	21810.74854	22072.94629	23530.20215	24175.1001	24013.87305	24120.44873	24089.13477	24120.10986	23434.14111	23209.146	23590.67627	24207.11182	25139.24463	26181.31836	26658.24805	26903.31104	26462.94873	25711.99756	24351.61817	23954.01953
23158.21094	22577.19092	22129.125	21752.98682	21555.57959	21987.31494	23384.92432	24238.21289	24497.68164	25216.79053	25499.62158	25680.08106	25027.4834	24661.43506	24906.85205	25190.47949	25857.11865	26580.41602	26907.5669	26869.9043	26302.55078	25679.6084	24384.97754	24242.78076
23321.77783	22824.55469	22490.82568	22072.66504	21737.01123	22146.50684	23431.81689	24293.34912	24894.8584	25368.73682	25468.70996	25180.90772	24192.84473	23914.43994	24247.91407	24587.54834	25388.01758	26149.64307	26509.81934	26712.15186	26286.90137	25658.91016	24245.0957	24164.24121
23249.23242	22618.91113	22147.28955	21831.97657	21690.39746	21950.74707	23369.06592	24230.54639	24433.11279	24655.90479	24689.4917	24442.36475	23520.15771	23312.12305	23743.40967	24195.08301	24988.22803	25834.28418	26431.01514	26717.19727	26345.20313	25772.04053	24593.77393	24383.22266
23292.00342	22694.82227	22090.79492	21728.45752	21524.25977	21739.81788	22542.17529	23254.4541	23329.66016	23571.417	23493.24805	23396.56201	22845.54785	22876.97559	23289.28955	23520.33399	24446.646	25484.31592	26173.03223	26465.05127	26106.4043	25295.21289	24078.65967	23749.5752
22925.54297	22296.67188	21830.68506	21573.37696	21412.8916	21581.19629	22309.52246	22904.05664	23007.34424	23166.61865	23014.86035	22947.52637	22583.66211	22664.66553	22834.79541	23369.83301	24064.08057	25114.00635	25901.60986	26302.90967	25983.80713	25264.67676	23743.65332	23690.86865
22806.41358	22234.37891	21627.18653	21247.73877	21111.08496	21393.8584	22926.1543	23716.56787	23543.24951	24003.5249	23978.26856	23935.75391	23082.83106	22909.00732	23331.47998	23871.58154	24961.25684	25919.40674	26513.87744	26574.76465	25965.8252	25176.96045	23834.5293	23650.30713
22885.21973	22246.85889	21876.61719	21479.24121	21292.78321	21804.04737	22992.83154	23639.25781	24039.99365	24739.72022	25116.0752	25530.78516	25105.40967	24842.27734	25085.31592	25481.79053	26178.3252	26828.59082	26884.21191	26610.78858	26031.31689	25348.21045	23964.82227	23752.00928
22965.98291	22376.35449	21880.66748	21574.4585	21436.10205	21723.81641	23128.98096	24199.12403	24759.7334	25625.28858	25951.22998	26206.40088	25275.69239	25185.73535	25521.70606	25835.97949	26636.39307	27191.40283	27406.34033	27033.79541	26463.69238	25686.77246	24220.99561	24135.24854
23352.08301	22680.82422	22231.74512	21842.41553	21716.87158	22014.69239	23464.00195	24409.44238	24881.17285	25534.77491	25286.64502	24728.15723	23769.61768	23326.33154	23970.94336	24400.53516	25367.72998	26328.96387	27065.68555	27109.58252	26754.50879	26196.34619	24766.86768	24608.25391
23702.41846	23136.04883	22765.21338	22385.65576	22149.00879	22516.29395	24103.24414	24995.60303	24664.20361	24677.45459	24534.40869	24401.45703	23608.50732	23465.39697	23865.08496	24306.64551	25159.59229	26376.25147	27358.41748	27458.78223	27173.45313	26643.73242	25215.41211	24952.74951
23997.86865	23218.18946	22802.26563	22300.9751	22156.24268	22462.36621	23445.17139	24115.7544	24219.74707	24869.1001	24961.94824	24734.87354	23902.64746	23827.01026	23924.33545	24272.77246	25235.8125	26123.16016	27198.90821	27441.84277	27090.45068	26482.00879	25119.18262	24902.39746
24041.49707	23335.9458	22761.88574	22409.45703	22173.65674	22595.19531	23379.13819	24012.53565	24064.45069	24229.90039	24140.84424	24034.18604	23481.29004	23414.54297	23529.84571	24051.01465	25024.33399	26330.96924	27262.3584	27579.51709	27326.60107	26582.2124	24769.37744	24556.65381
23675.78662	23151.2461	22681.79492	22360.27246	22211.0625	22487.31787	23993.22608	25009.99316	24984.07959	25090.55665	24994.02979	24971.87256	24118.38867	23815.31445	24225.72998	24767.66651	25932.57666	27017.00244	27803.35401	27753.14746	27205.71826	26554.67774	25009.50733	24974.88282
24123.22998	23454.81201	22919.45606	22648.26758	22521.30371	22828.24024	24468.34033	25327.2085	24967.78662	25074.18018	25013.47705	25030.74805	24449.35205	24355.87891	24807.41992	25310.7334	26136.20459	27200.35889	27907.10205	27665.52881	27201.54786	26551.42237	25073.10791	24848.68018
23989.63379	23384.62989	22931.15332	22645.60791	22346.91016	22795.08057	24472.65918	25371.83984	25321.16455	25635.01367	25452.41309	25374.19531	24665.51465	24256.229	24537.8667	25129.54346	26310.97608	27509.85401	28060.35303	27646.17383	27138.77246	26605.1626	25269.40186	25026.44531
24182.3916	23454.68066	23057.2666	22649.70557	22574.03369	23116.97461	24675.26074	25519.0498	25185.11719	25356.61182	25154.02051	25024.44287	24275.44434	23963.59034	24478.57032	24862.47657	26137.58155	27247.58399	27813.9082	27606.30225	27056.69971	26479.17969	25024.37744	24891.53174
23948.64942	23293.10986	22858.21338	22590.62549	22323.40332	22760.54541	24434.25439	25383.82031	25199.42432	25244.07959	25164.70459	25112.70557	24400.50977	24284.09863	24687.89941	25140.83203	26167.75	27097.86914	27716.09619	27509.86524	27108.26026	26390.68555	25099.78369	25193.61133
24372.88282	23562.09961	23172.15723	22693.80713	22479.1084	22856.06104	23784.47754	24541.07617	24672.44678	24722.72559	24482.40869	24502.91602	23943.7168	23756.4165	24217.66113	24781.11621	25824.41162	26815.89502	27684.71484	27544.76514	27048.44727	26447.64942	25104.50732	24895.54102
24236.01758	23657.22217	23067.80322	22768.39893	22565.05957	22844.00781	23762.12451	24216.27539	24353.77344	24435.38526	24176.16748	24170.23633	23647.41602	23805.45557	23952.96826	24585.4458	25545.37158	26640.32129	27651.00342	27603.18262	27103.03174	26332.25391	24764.06592	24833.74268
24053.26709	23466.05713	23014.50244	22565.20899	22420.4917	22827.66016	24378.78076	25319.02588	25110.33399	25153.31934	24930.85547	24894.33203	24070.33106	23914.72315	24224.51367	24815.95654	25996.3418	27243.71875	27939.73731	27519.66748	26938.81446	26314.24268	25007.46826	24946.81543
24165.52637	23485.84375	23024.50147	22766.66895	22567.74658	23083.8628	24568.43555	25428.65332	25207.7998	25093.35645	25030.8667	25272.83935	24667.93555	24228.29443	24515.68799	24892.04297	25960.53125	27220.96582	27812.59815	27332.92334	26880.63965	26185.62842	24900.98291	24742.19776
24068.95801	23520.15576	23081.26611	22661.78028	22605.8999	22947.35059	24455.39111	25304.46387	24971.36377	24865.92969	24656.04053	24743.85547	23883.20752	23790.39844	24277.27344	24893.16602	26119.24756	27133.80469	27759.82227	27283.08448	26702.80127	26005.82666	24505.47852	24671.91748
23957.1499	23380.6626	22810.01514	22459.54053	22392.54199	22776.34424	24000.61377	24957.56689	24808.31348	25013.0957	24827.22168	24730.35889	24059.46289	23909.01269	24384.5918	24936.23877	26162.67383	27409.32764	27977.48047	27382.01709	26941.8501	26282.29883	25002.16016	24943.70215
24200.09717	23630.76269	23213.44629	23047.10645	22656.16309	23063.5459	24538.72217	25352.39551	25942.90137	26625.3584	26522.71973	26152.90284	25027.17578	24564.42432	24808.55225	25082.55518	26294.80957	27526.87695	28062.48926	27690.67432	27249.86621	26592.85693	25254.5542	25339.83691
24372.70899	23717.9878	23368.36133	22922.22754	22751.07666	23028.03955	23854.12305	24643.88184	25408.16699	25951.57129	26002.4541	26173.45508	26081.56543	26193.16602	26755.52295	27146.72754	27999.84619	28616.52686	28776.63819	27986.05908	27409.77588	26578.88037	25215.28174	25298.57324
24583.04395	24074.09326	23470.63379	22850.54102	22697.63574	22864.04737	23625.56983	24236.38819	25147.20752	26136.68116	26421.78321	26511.09375	26015.63281	25854.34229	25621.57862	25730.36475	26643.90332	27665.91895	28564.95557	28195.65283	27865.18311	27112.4043	25388.70264	25362.09619
24468.23389	23823.91553	23333.82813	23067.24072	22884.18262	23451.5586	25013.24267	26342.49512	26501.42334	26619.04004	26254.79736	26134.01856	25144.60108	24869.48243	25186.13232	25842.56543	27231.02979	28667.48096	29612.96582	29297.7085	28826.21778	28057.87647	26563.92871	26342.94141
25590.59131	24853.94238	24323.3833	24101.32764	23838.12256	24285.35889	25848.96533	27047.55371	27167.80371	27244.60449	26762.69336	26729.65869	25972.04541	25904.3457	26087.48096	26454.84619	27642.99512	28936.09033	29696.96973	29287.02979	28800.62402	28047.37451	26585.26026	26440.51221
25535.92627	24845.4585	24348.24219	24129.51367	23910.57178	24282.99414	25833.80274	27098.28272	27110.33594	27180.62793	26815.95215	26681.79004	25789.29248	25480.84766	25705.61182	26379.93701	27552.5791	28859.83008	29716.77246	29304.99072	28922.95947	28259.74121	26668.14795	26514.71289
25681.375	25058.96973	24622.61035	24269.87305	24022.94043	24386.31104	25994.98145	27061.23096	27461.75	27908.80567	27605.32911	27412.02832	26624.43408	26527.71534	27014.27246	27564.3252	28609.91504	29690.52539	30227.05176	29726.46289	29270.29395	28484.32276	26868.06983	26696.93506
25746.58008	25044.1792	24620.88916	24361.49756	24100.78809	24476.71826	26128.89404	27266.64942	27801.49756	28639.05762	29103.2749	29462.76563	28797.62207	28593.33887	28851.97315	29166.90088	30199.49024	31258.59912	31537.17871	31095.54395	30679.9458	30031.2959	28394.34814	28081.42481
26745.54981	25988.66016	25335.9336	24827.16943	24731.97217	24957.83106	25992.72754	26872.71973	28507.71045	30049.62598	30597.51026	30861.32568	30312.90479	29998.47461	30179.48242	30401.8584	31292.5459	31999.83643	32523.20362	32060.53028	31520.82324	30660.02393	28784.93897	28354.11426
27279.12989	26446.27344	25949.79102	25410.47803	25139.67334	25310.95313	26006.34473	26813.29883	27742.27197	28745.19141	28931.12305	29206.06885	28959.97608	28866.79199	28862.05274	29547.95996	30757.63916	32031.57666	32644.53809	32357.36768	32098.41943	31053.98828	28960.36719	28283.52393
27161.27588	26349.13721	25878.33594	25310.29492	25057.75977	25374.82227	27069.13184	28697.87598	29241.77637	29790.09571	29455.4419	29359.77295	28397.1582	28001.5044	28308.06738	28942.18115	30340.74317	31794.64697	32589.86621	32328.22608	31962.79932	30991.87989	29134.47656	28675.63965
27512.4834	26754.64014	26277.96582	25821.92285	25624.24463	25948.81592	27519.15625	28927.72852	29590.11768	29967.39941	29575.98486	29223.40869	28116.52832	27814.32276	28124.20166	28609.20996	29989.10108	31275.95361	31975.1001	31773.29346	31213.79053	30531.41309	28697.22705	28165.79981
27225.26953	26300.1875	25741.49756	25468.24951	25311.1836	25557.66846	27075.12207	28386.48633	29287.11036	30604.19873	31134.72852	31714.16797	31057.80909	30400.29785	30539.99219	30800.15186	31607.75586	32151.22608	32297.37891	32016.6416	31495.11133	30499.78662	28753.56592	28499.19922
27476.68018	26586.72168	26136.95362	25830.06103	25574.72217	25908.72559	27537.81299	29053.20264	29677.01172	30081.77588	29575.19043	29344.64893	28374.53418	27839.47217	28076.20361	28492.24512	29800.47901	31122.32568	32066.13037	31745.32617	31283.13965	30511.98438	28721.03516	28599.28321
27497.51758	26719.77246	26176.24805	25713.44825	25747.76319	26164.87647	27768.67969	29139.63477	29588.39112	30012.56543	29476.88819	29211.80078	28099.40625	27724.29346	27829.00684	28393.12305	29535.28858	30859.69727	31935.42236	31727.1001	31454.8418	30671.19239	29093.2417	28799.68897
27604.59961	26855.13672	26309.39063	25844.42432	25703.42188	26008.59717	26946.58496	27849.01465	28620.21729	29259.79053	28893.62158	28560.09961	27586.74951	27378.9878	27414.93457	27997.50635	29141.65137	30437.85694	31512.51953	31148.2876	30825.75537	30057.79346	28396.38574	28132.12598
27253.29053	26373.83399	25870.11328	25525.70948	25318.51611	25767.36182	26518.76172	27432.17529	28132.98487	28440.80664	28131.27979	27845.5503	27036.75342	26700.9917	26867.27735	27233.06641	28566.69531	30011.54932	31062.89893	30948.96045	30630.0044	29765.33692	27922.60108	27559.53565
26678.80127	26160.14893	25645.41162	25206.18945	25047.77783	25537.63672	27267.97266	28755.23682	29402.96484	29870.87305	29569.16748	29222.78467	28188.97559	27578.93848	27937.40967	28435.79541	29662.90137	30965.71338	31760.48438	31358.58691	30836.32715	29915.22949	28154.53711	28016.86279
27079.06836	26526.61133	25993.13086	25665.92236	25471.4126	25785.30811	27322.67481	28712.15869	29187.33301	29538.06934	29224.3584	28899.87207	28001.36426	27649.83203	28337.42822	29103.78076	30174.87989	31093.50733	31514.91553	30967.96875	30319.87695	29475.74903	27891.93555	27673.78076
26754.65674	26055.26367	25647.71387	25275.67725	25047.88916	25429.40186	27134.53467	28481.28076	29225.81397	29436.67041	28846.41895	28499.74805	27546.25342	27047.54199	27353.33985	27889.25196	29052.56299	30409.15869	31353.7251	30864.15576	30383.69971	29611.33984	27960.85889	27865.33789
26985.53907	26337.21094	25931.6875	25645.96289	25451.20166	25857.83301	27623.44141	29003.54639	29689.20606	29972.31299	29306.05322	28914.91309	27985.92188	27616.71631	27974.04932	28546.10889	30126.73047	31687.04053	32619.04688	32267.93213	31530.95655	30709.88184	28952.4873	28724.12793
27705.39209	26949.26953	26520.54004	26139.44727	25906.97998	26196.44971	27905.12207	29337.27344	30143.51953	30760.31006	30395.46729	30181.18408	29225.50196	28862.78418	29176.61963	29798.4375	30982.61231	32359.60303	33041.53321	32288.14698	31805.39258	30864.39697	29180.63574	28753.01172
27793.95654	26959.66993	26546.12695	26017.01319	25829.55127	26043.49414	26860.32178	27616.60254	29113.50244	30890.70752	31444.20313	31450.64502	31068.24365	30881.21045	30691.09766	30725.28613	31436.01758	32495.2583	33103.49707	32558.59326	32020.68164	30949.88282	29200.27881	28974.6294
27920.00586	26993.00244	26463.91651	25973.12647	25874.04297	25899.75489	26647.56787	27564.71973	28685.53564	29420.63135	28975.9585	28705.7334	27955.16504	27567.9458	27744.75537	28115.34326	29264.34229	30875.64844	32118.30567	31902.61035	31647.23047	30618.2002	28698.88331	28238.52783
27291.96924	26465.93945	25943.37989	25625.6416	25412.80078	25714.17188	27429.96191	28933.06201	29956.76806	30523.98096	29910.55762	29521.55615	28608.8252	28008.20899	28114.16407	28772.50293	29869.23829	31191.55225	32251.92529	31921.68897	31492.87842	30764.03125	28962.44141	28576.58692
27654.56885	26997.85058	26444.12598	26030.11768	25879.10547	26230.49951	27841.87305	29228.3457	30116.24365	30742.44141	30311.31543	29918.70947	28972.44141	28546.75537	28829.5	29719.41895	30962.60205	32200.90332	32713.34619	32211.4668	31612.7627	30496.57276	28655.68359	28519.90625
27653.67334	27010.9961	26513.50196	26153.76319	25903.45996	26267.76074	27815.62207	29291.21338	30070.54639	30894.50147	30575.59815	30399.52735	29489.52442	28895.18897	29161.96241	29566.78418	31038.20166	32556.83399	33332.36426	32742.0918	32078.06201	31119.64062	29296.56592	28948.69922
28050.26758	27325.76123	26860.57324	26490.29053	26207.91943	26637.46973	28280.30469	29628.48145	30951.6084	32366.36865	32385.53565	32255.02637	31136.05127	30235.10059	30239.30322	30492.79346	31678.48096	33208.4961	34094.44141	33675.10157	33047.53028	32032.15137	30190.46924	29630.89111
28521.67139	27692.42041	27147.26074	26701.75049	26468.09961	26796.72949	28548.29151	30144.20313	31137.5376	31923.5	31523.29834	31172.66504	30145.65723	29637.71436	29781.88916	30270.16407	31691.63672	33302.91504	34061.65625	33630.15527	33033.93946	32116.39795	30241.06836	29880.82178
28740.17188	27902.00147	27253.4961	26686.46533	26672.74658	26878.03565	27741.45801	28710.84619	29918.37012	30964.16895	30494.06836	30118.60108	29166.2456	28852.45752	28969.85645	29564.72461	30705.07618	32484.96827	33516.30371	33135.05859	32662.08838	31744.54102	29899.86426	29423.66065
28336.46094	27485.39893	26903.12305	26446.26953	26323.61279	26443.36377	27300.38233	28005.95361	29365.91992	30285.2417	30160.96143	29934.83106	29261.01465	28807.8628	29024.45752	29662.91944	30792.34912	32344.01318	33259.64844	32907.61231	32404.09082	31316.95654	29180.99366	28677.01172
27703.04297	26939.35742	26462.80225	26096.91309	25812.20264	26218.78027	27908.44043	29439.15967	30608.6543	31482.57715	31124.28955	30595.79541	29514.75147	28767.53174	28748.4585	29137.03906	30550.50635	32158.18604	33016.05469	32566.54297	32073.41406	31091.04785	29155.11768	28982.61524
27825.80079	27153.55469	26612.01123	26283.49658	26047.45508	26405.55078	27980.30469	29263.29688	30573.13379	31608.41065	31338.27979	31055.86524	29997.52881	29453.18848	29562.67237	30004.31494	31153.24609	32279.72461	32741.27881	32147.62988	31551.28662	30707.75049	28802.37647	28461.31641
27535.94873	26799.31543	26303.26514	26032.20752	25884.74268	26150.43018	27814.03565	29233.92725	30302.31738	30907.03858	30378.67139	29946.7417	28878.52686	28223.85303	28322.30811	28793.29785	30071.30908	31407.31201	32225.11182	31850.19092	31345.04639	30740.60987	28760.94141	28454.11182
27327.19531	26692.68604	26235.74219	25949.79346	25798.63721	26101.76319	27492.917	28967.84912	29936.5874	30462.85596	29752.17188	29333.88135	28305.23242	27825.72168	27840.2666	28331.60693	29659.88135	30923.39453	31740.47412	31295.93701	30943.00488	30271.26367	28393.61817	28149.84229
27273.56641	26583.20069	26136.02637	25817.48731	25648.35157	26043.64893	27554.76905	28874.93164	30092.6333	30567.63623	30002.78858	29495.80225	28467.15869	28088.48926	28168.08838	28788.81641	29977.86084	31416.44043	32199.88965	31587.69873	31224.92139	30335.54151	28615.36182	28266.87207
27451.08057	26486.04443	25864.22559	25728.6919	25457.28321	25729.63574	26602.03272	27391.62012	28689.83838	29686.90088	29328.07031	28982.72852	28078.53076	27882.57617	27976.42237	28388.55371	29470.31543	30895.83203	31659.09961	31058.08398	30653.42725	29902.75928	28355.04004	28021.51563
26955.54199	26095.28223	25655.77735	25304.25879	25155.78076	25387.11817	26077.61914	26663.85645	28199.54492	30225.84814	30952.40528	31137.01953	31151.57178	31266.38086	31622.73047	32155.60303	32993.23633	33907.40332	33764.71387	33039.00391	32215.66748	30925.22559	28975.15137	28473.68799
27432.61475	26825.75684	26217.97119	25946.88574	25734.09229	26060.34619	27621.11963	29099.5127	30991.82324	32991.63672	33210.85645	33112.91895	32314.64648	31745.45899	31819.16797	32177.54444	33276.43018	33965.96387	33861.58106	32974.7876	32265.47949	31320.3086	29320.34473	29000.64746
27962.65479	27210.63135	26594.43262	26319.67285	26053.91357	26478.41162	28159.30127	29528.67188	31188.23877	33045.12891	33353.26367	33404.6709	32640.89063	32177.83936	32236.50391	32549.87158	33549.45801	34424.59961	34283.83008	33433.6836	32836.14356	31776.31152	29798.88379	29181.82959
28153.43946	27394.94385	26877.57813	26437.1753	26352.39014	26598.84424	28213.89844	29632.83106	31307.80029	33168.58594	33674.66895	33929.42871	33347.55762	33136.62207	33280.20801	33638.55957	34458.56934	35217.71387	35014.46777	34302.22266	33582.73633	32464.23584	30572.77783	30040.19287
28914.07032	28002.39795	27433.61231	27012.01465	26793.8418	26948.7334	28594.93506	30124.37842	31945.73486	34074.94336	34689.52539	34942.81641	34317.20117	33840.25098	34144.57422	34278.68555	35084.85743	35811.48145	35430.75293	34575.04004	33793.46192	32686.97852	30669.76514	29966.73145
28970.63623	28012.44922	27481.52832	27119.3667	26816.12646	27103.29395	28685.71533	30389.7627	32251.07276	34589.13672	35425.4209	35957.04785	35548.60547	34859.7207	34531.42969	34745.09766	35229.69532	36040.62012	36026.14648	35455.46484	34951.15332	33870.75586	31798.64746	30967.96289
29738.39795	28774.49365	28235.75977	27718.67383	27552.55908	27596.84961	28362.12061	29209.37598	31045.72705	32957.04639	32783.76318	32336.88574	31571.50049	31391.39649	31698.85596	32402.46289	33829.52051	35468.35156	36256.7168	35765.6377	35199.40723	34143.25977	31940.03662	31100.69629
29932.74463	28978.15576	28226.97168	27917.3877	27602.89111	27683.34326	28383.8667	29181.34033	30879.70313	33226.94287	33806.03125	33741.8711	33106.61817	32805.40186	33432.61719	34168.42774	35045.62989	36298.98633	36981.66895	36463.15528	35854.68066	34373.81445	31819.83643	30790.3501
29390.9458	28584.41162	27897.29981	27561.87891	27402.67188	27623.35791	29310.38477	31141.1543	33228.00488	35424.90625	35738.5127	35605.5332	34765.33594	34010.3711	33952.0586	34391.20605	35582.94727	36557.26953	36973.58008	36238.56934	35650.24512	34524.4375	32258.43701	31429.08008
30093.03613	29088.7666	28470.38038	28143.64502	27897.4126	28362.36182	30007.19336	31721.21289	33678.99024	35165.86621	34704.14844	34364.70606	33250.4668	32557.25977	32624.2544	33429.67774	35154.36231	36419.5957	37115.52441	36832.25879	36268.88184	35167.2666	32778.78809	31663.09473
30412.30762	29536.57813	28741.5918	28506.17871	28236.22022	28541.71094	30381.4253	32152.80859	34193.29297	35831.8418	35416.6045	35074.59375	33959.23633	33180.57031	33208.60156	34024.43262	35734.47266	37077.52149	37711.37207	37227.95313	36714.77832	35585.68457	33065.00147	32075.11426
30862.06152	29991.41699	29241.43262	28910.52393	28749.75733	28979.48242	30639.4585	32536.53223	34565.05274	36084.99317	35879.99414	35594.91211	34492.12012	33727.48145	33962.17481	34640.51074	36230.47461	36995.64746	37656.76855	37668.18555	37087.31445	35939.92871	33673.52832	32554.64258
31023.30567	30013.75879	29368.20361	28750.72559	28436.36768	28698.67774	30423.66406	32454.54785	34700.95313	36754.5166	36634.53321	36527.79883	36386.45019	36168.36426	36277.60547	36658.86133	37474.42481	38340.43848	38584.26758	38082.23535	37570.8418	36417.60059	34156.46778	33006.72705
31500.24121	30406.62842	29641.41162	29164.08789	28854.3086	29023.06055	30078.18653	31105.2998	33011.2583	35538.35352	35456.00977	35185.85938	34174.89844	33778.33301	33817.29297	34062.41406	35192.22559	36575.94922	37488.06836	37054.95801	36626.71485	35516.65235	33503.19727	32620.72168
31134.0669	30040.20752	29300.83008	28810.65332	28428.74463	28592.57764	29471.62207	30345.62939	32126.26416	33995.75684	33692.95801	33091.1416	32145.37305	31529.29932	31474.58447	32064.2666	33463.49707	35149.94629	36423.53516	36324.2168	36105.87598	34897.16699	32543.13428	31647.50293
30251.63965	29298.38721	28628.19678	28098.88037	27955.90967	28279.21728	29790.15576	31799.69043	33827.69238	35627.3418	35025.84766	34472.69141	33292.68653	32485.76563	32368.52979	33049.3252	34550.52051	36003.5918	36589.48438	36230.41211	35698.86133	34540.59668	32392.51465	31447.12793
29830.771	28786.40088	28174.52051	27803.57617	27558.37793	27972.25342	29584.69922	31587.09766	33446.73633	34879.0586	34334.18067	33761.90137	32449.37891	31510.52783	31427.86524	31909.1211	33203.34082	34747.71191	35935.36328	35676.11524	35200.43848	34090.29688	31909.63916	30812.44385
29368.34229	28463.4873	27849.01367	27602.68945	27306.87061	27644.01367	29264.7041	31160.62891	33009.34473	34585.08692	33950.24317	33615.9961	32447.33008	31476.11426	31500.21924	32054.88721	33480.80762	35006.30469	35845.3291	35627.00684	35165.64844	34243.83496	31908.53516	30754.99024
29486.98535	28635.03955	27960.94092	27627.4336	27386.02637	27657.05078	29311.23779	31131.15479	32856.95997	34493.96485	34360.66407	34280.85645	33988.52735	33509.9707	33600.23438	34094.59082	35152.05078	36028.32422	36265.07129	35707.19727	34959.9834	33893.10352	31594.167	30399.63037
28935.75537	27937.02441	27223.85059	26751.80225	26643.12158	27000.14795	28599.30859	30263.63574	32154.94678	33951.43555	33783.60156	33593.82617	32758.52686	32013.7251	31747.36182	31928.90576	32542.98487	33529.90625	34528.01172	34381.04492	33982.04981	33022.37451	31103.90039	30051.65576
28696.26709	27822.46094	27128.89062	26672.89111	26426.2749	26584.24414	27406.76318	28297.0249	29977.19336	31628.18994	31231.17383	30776.17725	29852.17285	29103.7627	28949.45703	29387.21191	30336.75391	32133.73242	33475.70215	33294.36035	32951.41748	32049.18018	30350.27832	29607.11231
28356.98682	27386.4917	26706.99073	26266.54443	25863.98047	26099.63623	26840.91162	27636.79688	29365.51856	30897.28125	30340.50586	29886.10791	29132.43604	28603.44287	28438.05469	28890.96973	30080.05957	31950.11914	33066.64356	32753.03662	32404.32031	31685.76807	29942.70996	29315.42432
